repeat,repeat_type,virus_name
RVR,in,BAT_SARS
SSR,dn,BAT_SARS
GPQ,in,BAT_SARS
KMK,in,BAT_SARS
LLL,in,BAT_SARS
GKG,in,BAT_SARS
GGRSG,in,BAT_SARS
SRS,in,BAT_SARS
NTN,in,BAT_SARS
ALA,in,BAT_SARS
DGGR,in,BAT_SARS
QTQ,in,BAT_SARS
LQL,in,BAT_SARS
GGS,in,BAT_SARS
SQS,in,BAT_SARS
QRQ,in,BAT_SARS
TVT,in,BAT_SARS
QRQ,in,BAT_SARS
ATR,in,BAT_SARS
ASA,in,BAT_SARS
LLL,in,BAT_SARS
GQT,in,BAT_SARS
SRG,dn,BAT_SARS
TNS,dn,BAT_SARS
SSS,in,BAT_SARS
NDN,in,BAT_SARS
EAS,dn,BAT_SARS
QTQ,in,BAT_SARS
EAS,dn,BAT_SARS
ATR,in,BAT_SARS
TKK,in,BAT_SARS
RGG,dn,BAT_SARS
LPQ,in,BAT_SARS
KQR,in,BAT_SARS
SSSRS,dn,BAT_SARS
SRG,dn,BAT_SARS
QDG,in,BAT_SARS
TAT,in,BAT_SARS
NST,dn,BAT_SARS
TAT,in,BAT_SARS
QQQ,in,BAT_SARS
SSR,dn,BAT_SARS
ATEG,in,BAT_SARS
PNN,dn,BAT_SARS
KQR,in,BAT_SARS
SSS,in,BAT_SARS
RSR,in,BAT_SARS
LLLL,in,BAT_SARS
ASA,in,BAT_SARS
SGK,dn,BAT_SARS
QGQ,in,BAT_SARS
ATR,in,BAT_SARS
SQS,in,BAT_SARS
QPLPQ,in,BAT_SARS
DMD,in,BAT_SARS
TVT,dn,BAT_SARS
GRS,in,BAT_SARS
SSSRS,dn,BAT_SARS
KKKK,in,BAT_SARS
KKK,in,BAT_SARS
TAL,dn,BAT_SARS
ATR,in,BAT_SARS
ADS,dn,BAT_SARS
KQR,in,BAT_SARS
SRS,in,BAT_SARS
QKKQ,in,BAT_SARS
RGG,dn,BAT_SARS
ADS,dn,BAT_SARS
ASA,dn,BAT_SARS
GRS,in,BAT_SARS
SRS,in,BAT_SARS
DGGR,in,BAT_SARS
KKK,in,BAT_SARS
QKKQ,in,BAT_SARS
YFY,in,BAT_SARS
KKDKK,in,BAT_SARS
GTG,in,BAT_SARS
DMD,in,BAT_SARS
SRS,in,BAT_SARS
TQA,dn,BAT_SARS
KKDKK,in,BAT_SARS
YFY,in,BAT_SARS
GRRG,in,BAT_SARS
RPK,in,BAT_SARS
VTP,in,BAT_SARS
GRRG,in,BAT_SARS
SAS,in,BAT_SARS
KKDKK,in,BAT_SARS
SPA,in,BAT_SARS
GQT,in,BAT_SARS
LLL,in,BAT_SARS
LLL,dn,BAT_SARS
KKK,dn,BAT_SARS
TVT,in,BAT_SARS
LLL,in,BAT_SARS
LLL,in,BAT_SARS
EAS,dn,BAT_SARS
QTV,in,BAT_SARS
ALA,in,BAT_SARS
QQQ,dn,BAT_SARS
YFY,in,BAT_SARS
SSR,dn,BAT_SARS
RVR,in,BAT_SARS
TAT,in,BAT_SARS
TVT,in,BAT_SARS
NTN,in,BAT_SARS
NTN,in,BAT_SARS
GPE,dn,BAT_SARS
SQS,in,BAT_SARS
PNN,dn,BAT_SARS
ATEG,in,BAT_SARS
GPE,dn,BAT_SARS
KKSA,in,BAT_SARS
ALA,in,BAT_SARS
LLL,in,BAT_SARS
GRS,in,BAT_SARS
GSS,dn,BAT_SARS
GKG,in,BAT_SARS
SRG,dn,BAT_SARS
QGT,dn,BAT_SARS
KKK,dn,BAT_SARS
KKK,in,BAT_SARS
ATEG,in,BAT_SARS
LAL,in,BAT_SARS
RVR,in,BAT_SARS
RQK,dn,BAT_SARS
GTG,in,BAT_SARS
GTG,in,BAT_SARS
TVT,in,BAT_SARS
GPE,dn,BAT_SARS
SRG,dn,BAT_SARS
TVT,in,BAT_SARS
QGQ,in,BAT_SARS
LLL,dn,BAT_SARS
TQA,dn,BAT_SARS
PNN,dn,BAT_SARS
GRRG,in,BAT_SARS
GGS,in,BAT_SARS
SRSSSRS,in,BAT_SARS
KKDKK,in,BAT_SARS
ASA,dn,BAT_SARS
NDN,in,BAT_SARS
SRG,dn,BAT_SARS
LPQ,dn,BAT_SARS
LLL,in,BAT_SARS
QTQ,in,BAT_SARS
GQT,in,BAT_SARS
GPQ,in,BAT_SARS
DGGR,in,BAT_SARS
GGG,in,BAT_SARS
TVT,in,BAT_SARS
NDN,in,BAT_SARS
TKK,in,BAT_SARS
SGA,dn,BAT_SARS
NPN,in,BAT_SARS
GDG,in,BAT_SARS
TVT,in,BAT_SARS
LQL,in,BAT_SARS
GSS,dn,BAT_SARS
LLL,in,BAT_SARS
GQT,in,BAT_SARS
SRSSSRS,in,BAT_SARS
ATR,in,BAT_SARS
SRG,dn,BAT_SARS
SPA,in,BAT_SARS
SGA,dn,BAT_SARS
SRGNS,dn,BAT_SARS
GPE,dn,BAT_SARS
VTP,in,BAT_SARS
SRSSSRS,in,BAT_SARS
LPQ,in,BAT_SARS
GPQ,in,BAT_SARS
SMS,in,BAT_SARS
GDG,in,BAT_SARS
KMK,in,BAT_SARS
DKD,in,BAT_SARS
SSR,dn,BAT_SARS
ASA,in,BAT_SARS
GGRSG,in,BAT_SARS
KKK,in,BAT_SARS
NDN,in,BAT_SARS
GSS,dn,BAT_SARS
KQR,in,BAT_SARS
LLL,in,BAT_SARS
TAT,in,BAT_SARS
TVT,dn,BAT_SARS
QPLPQ,in,BAT_SARS
SPA,in,BAT_SARS
TVT,in,BAT_SARS
TKK,in,BAT_SARS
DGGR,in,BAT_SARS
TKK,in,BAT_SARS
SSR,dn,BAT_SARS
NDN,in,BAT_SARS
GRS,in,BAT_SARS
KQR,in,BAT_SARS
SSS,in,BAT_SARS
SPA,in,BAT_SARS
VTP,in,BAT_SARS
SSSRS,dn,BAT_SARS
LAL,in,BAT_SARS
RGG,dn,BAT_SARS
DKD,in,BAT_SARS
GKG,in,BAT_SARS
TKK,in,BAT_SARS
QRS,in,BAT_SARS
GPE,dn,BAT_SARS
SRG,dn,BAT_SARS
RPK,in,BAT_SARS
ATEG,in,BAT_SARS
GGG,in,BAT_SARS
SPA,in,BAT_SARS
ATEG,in,BAT_SARS
DKD,in,BAT_SARS
SSS,in,BAT_SARS
LLL,in,BAT_SARS
SSR,dn,BAT_SARS
SRG,dn,BAT_SARS
KKSA,in,BAT_SARS
GPQ,in,BAT_SARS
KQR,in,BAT_SARS
ATR,in,BAT_SARS
YFY,in,BAT_SARS
TAL,dn,BAT_SARS
ADS,dn,BAT_SARS
KKDKK,in,BAT_SARS
SMS,in,BAT_SARS
QDG,in,BAT_SARS
DMD,in,BAT_SARS
LPQ,in,BAT_SARS
SSR,dn,BAT_SARS
GPE,dn,BAT_SARS
SMS,in,BAT_SARS
ATEG,in,BAT_SARS
DMD,in,BAT_SARS
LLL,in,BAT_SARS
GRRG,in,BAT_SARS
GQT,in,BAT_SARS
GRS,in,BAT_SARS
SRG,dn,BAT_SARS
GGG,in,BAT_SARS
QRQ,in,BAT_SARS
GRS,in,BAT_SARS
QPLPQ,in,BAT_SARS
TKK,in,BAT_SARS
GDG,in,BAT_SARS
KKK,dn,BAT_SARS
QGT,dn,BAT_SARS
LQL,in,BAT_SARS
VWV,in,BAT_SARS
QDQ,in,BAT_SARS
QSQ,in,BAT_SARS
TVT,in,BAT_SARS
KKK,in,BAT_SARS
LLL,dn,BAT_SARS
SQS,in,BAT_SARS
QTQ,in,BAT_SARS
SSR,dn,BAT_SARS
AEA,in,BAT_SARS
TAL,dn,BAT_SARS
GQT,in,BAT_SARS
TVT,in,BAT_SARS
RQK,dn,BAT_SARS
SSR,dn,BAT_SARS
RQK,dn,BAT_SARS
QQQ,in,BAT_SARS
SRSSSRS,in,BAT_SARS
TAT,in,BAT_SARS
NTN,in,BAT_SARS
GPQ,in,BAT_SARS
PNN,dn,BAT_SARS
QQQ,in,BAT_SARS
ATR,in,BAT_SARS
TVT,in,BAT_SARS
SMS,in,BAT_SARS
ASA,in,BAT_SARS
GSS,dn,BAT_SARS
SSSRSSS,in,BAT_SARS
QLQ,in,BAT_SARS
QDG,in,BAT_SARS
QRS,in,BAT_SARS
SSSRSSS,in,BAT_SARS
LLLL,in,BAT_SARS
ATEG,in,BAT_SARS
SRSSSRS,in,BAT_SARS
SQS,in,BAT_SARS
QLQ,in,BAT_SARS
GGS,in,BAT_SARS
GGS,in,BAT_SARS
DMD,in,BAT_SARS
GPE,dn,BAT_SARS
RSS,in,BAT_SARS
LLL,in,BAT_SARS
SGK,dn,BAT_SARS
ASA,in,BAT_SARS
QQQ,in,BAT_SARS
QRS,in,BAT_SARS
QLQ,in,BAT_SARS
ASA,dn,BAT_SARS
QLQ,in,BAT_SARS
SRG,dn,BAT_SARS
ATEG,in,BAT_SARS
SRG,dn,BAT_SARS
KKK,in,BAT_SARS
KKKK,in,BAT_SARS
SSS,in,BAT_SARS
GKG,in,BAT_SARS
SGK,dn,BAT_SARS
GGS,in,BAT_SARS
GPQ,in,BAT_SARS
TVT,in,BAT_SARS
RSR,in,BAT_SARS
GQT,in,BAT_SARS
KKK,in,BAT_SARS
KDD,in,BAT_SARS
QKKQ,in,BAT_SARS
EAS,dn,BAT_SARS
GRS,in,BAT_SARS
GQG,in,BAT_SARS
LPQ,in,BAT_SARS
LLL,in,BAT_SARS
NDN,in,BAT_SARS
GSS,dn,BAT_SARS
SSR,dn,BAT_SARS
SSSRS,dn,BAT_SARS
KQR,in,BAT_SARS
ASA,in,BAT_SARS
GQT,in,BAT_SARS
RQK,dn,BAT_SARS
QKKQ,in,BAT_SARS
TAL,dn,BAT_SARS
LAL,in,BAT_SARS
ASA,in,BAT_SARS
TKK,in,BAT_SARS
SRS,in,BAT_SARS
SSRSS,in,BAT_SARS
QRQ,in,BAT_SARS
QDG,in,BAT_SARS
SRSSSRS,in,BAT_SARS
QRS,in,BAT_SARS
GGRSG,in,BAT_SARS
GTG,in,BAT_SARS
DKD,in,BAT_SARS
TQA,dn,BAT_SARS
LLL,in,BAT_SARS
KKK,dn,BAT_SARS
GRS,in,BAT_SARS
PNN,dn,BAT_SARS
GQG,in,BAT_SARS
GRRG,in,BAT_SARS
SSSRSSS,in,BAT_SARS
RPK,in,BAT_SARS
QRQ,in,BAT_SARS
KDD,in,BAT_SARS
GGRSG,in,BAT_SARS
ASA,in,BAT_SARS
QTV,in,BAT_SARS
KKP,in,BAT_SARS
ATEG,in,BAT_SARS
QLQ,in,BAT_SARS
SSR,dn,BAT_SARS
SQS,in,BAT_SARS
ADS,dn,BAT_SARS
SRG,dn,BAT_SARS
TVT,in,BAT_SARS
RPK,in,BAT_SARS
QRQ,in,BAT_SARS
SGK,dn,BAT_SARS
ALA,in,BAT_SARS
KMK,in,BAT_SARS
SRG,dn,BAT_SARS
SSR,dn,BAT_SARS
ASA,in,BAT_SARS
QRS,in,BAT_SARS
QLQ,in,BAT_SARS
LLL,dn,BAT_SARS
ASA,dn,BAT_SARS
GGS,in,BAT_SARS
GSS,dn,BAT_SARS
QGT,dn,BAT_SARS
LQL,in,BAT_SARS
GTG,in,BAT_SARS
LLL,in,BAT_SARS
GRS,in,BAT_SARS
VTP,in,BAT_SARS
SRG,dn,BAT_SARS
VTP,in,BAT_SARS
SSRSS,in,BAT_SARS
QLQ,in,BAT_SARS
QLQ,in,BAT_SARS
ASA,in,BAT_SARS
SGK,dn,BAT_SARS
TAL,dn,BAT_SARS
GGG,in,BAT_SARS
RSR,in,BAT_SARS
KKSA,in,BAT_SARS
ALA,in,BAT_SARS
RSR,in,BAT_SARS
GKG,in,BAT_SARS
SMS,in,BAT_SARS
PNN,dn,BAT_SARS
DKD,in,BAT_SARS
LQL,in,BAT_SARS
RVR,in,BAT_SARS
SMS,in,BAT_SARS
ASA,in,BAT_SARS
KQR,in,BAT_SARS
KQR,in,BAT_SARS
RSS,in,BAT_SARS
DST,dn,BAT_SARS
QRS,in,BAT_SARS
KKK,in,BAT_SARS
VWV,in,BAT_SARS
LPQ,dn,BAT_SARS
SPA,in,BAT_SARS
ASA,in,BAT_SARS
GRS,in,BAT_SARS
GTG,in,BAT_SARS
KKK,dn,BAT_SARS
SRG,dn,BAT_SARS
KKKK,in,BAT_SARS
AEA,in,BAT_SARS
SRS,in,BAT_SARS
LLLL,in,BAT_SARS
GGRSG,in,BAT_SARS
ASA,dn,BAT_SARS
SSSRS,dn,BAT_SARS
ASA,dn,BAT_SARS
TQA,dn,BAT_SARS
NNN,in,BAT_SARS
RGG,dn,BAT_SARS
ASA,dn,BAT_SARS
VTP,in,BAT_SARS
VWV,in,BAT_SARS
ADS,dn,BAT_SARS
LQL,in,BAT_SARS
SRSSSRS,in,BAT_SARS
PQG,dn,BAT_SARS
QTV,in,BAT_SARS
GQQQQG,in,BAT_SARS
YFY,in,BAT_SARS
TKK,in,BAT_SARS
NNN,in,BAT_SARS
DGGR,in,BAT_SARS
DQD,in,BAT_SARS
LLL,in,BAT_SARS
TVT,in,BAT_SARS
ASA,in,BAT_SARS
KKDKK,in,BAT_SARS
SMS,in,BAT_SARS
LQL,in,BAT_SARS
TNS,dn,BAT_SARS
DGGR,in,BAT_SARS
GRS,in,BAT_SARS
DKD,in,BAT_SARS
SPA,in,BAT_SARS
SRS,in,BAT_SARS
KDD,in,BAT_SARS
KMK,in,BAT_SARS
SRG,dn,BAT_SARS
QTQ,in,BAT_SARS
EAS,dn,BAT_SARS
ALA,in,BAT_SARS
SGA,dn,BAT_SARS
SPA,in,BAT_SARS
LLLL,in,BAT_SARS
LLL,dn,BAT_SARS
QKKQ,in,BAT_SARS
ASA,in,BAT_SARS
QTV,in,BAT_SARS
LQL,in,BAT_SARS
TVT,in,BAT_SARS
QRQ,in,BAT_SARS
LLL,in,BAT_SARS
TQA,dn,BAT_SARS
GKG,in,BAT_SARS
KQR,in,BAT_SARS
QQQ,in,BAT_SARS
SSR,dn,BAT_SARS
TVT,in,BAT_SARS
RSR,in,BAT_SARS
VTP,in,BAT_SARS
GQG,in,BAT_SARS
TAT,in,BAT_SARS
QRQ,in,BAT_SARS
GGS,in,BAT_SARS
QSQ,in,BAT_SARS
KKK,dn,BAT_SARS
NTN,in,BAT_SARS
DST,dn,BAT_SARS
GPE,dn,BAT_SARS
LLL,in,BAT_SARS
RPK,in,BAT_SARS
SSSRS,dn,BAT_SARS
GQG,in,BAT_SARS
QKKQ,in,BAT_SARS
GKG,in,BAT_SARS
KKP,in,BAT_SARS
SAS,in,BAT_SARS
KKK,dn,BAT_SARS
LLL,in,BAT_SARS
KKDKK,in,BAT_SARS
KDD,in,BAT_SARS
QGT,dn,BAT_SARS
RSR,in,BAT_SARS
RGG,dn,BAT_SARS
GQT,in,BAT_SARS
LAL,in,BAT_SARS
GGG,in,BAT_SARS
NPN,in,BAT_SARS
RSS,in,BAT_SARS
GKG,in,BAT_SARS
NTN,in,BAT_SARS
KQR,in,BAT_SARS
QSQ,in,BAT_SARS
RGG,dn,BAT_SARS
NPN,in,BAT_SARS
RVR,in,BAT_SARS
QPLPQ,in,BAT_SARS
EAS,dn,BAT_SARS
GGS,in,BAT_SARS
RSS,in,BAT_SARS
SRG,dn,BAT_SARS
GGRSG,in,BAT_SARS
NST,dn,BAT_SARS
RSR,in,BAT_SARS
QRQ,in,BAT_SARS
KKP,in,BAT_SARS
QQQ,in,BAT_SARS
NTN,in,BAT_SARS
TVT,in,BAT_SARS
ASA,in,BAT_SARS
SRG,dn,BAT_SARS
SRG,dn,BAT_SARS
KKP,in,BAT_SARS
KKP,in,BAT_SARS
SSSRS,dn,BAT_SARS
GQG,in,BAT_SARS
SRSSSRS,in,BAT_SARS
QPLPQ,in,BAT_SARS
KKK,in,BAT_SARS
TAL,dn,BAT_SARS
TVT,in,BAT_SARS
GGG,in,BAT_SARS
QTV,in,BAT_SARS
KKP,in,BAT_SARS
SSR,dn,BAT_SARS
GTG,in,BAT_SARS
SRS,in,BAT_SARS
QPLPQ,in,BAT_SARS
SGA,dn,BAT_SARS
LLLL,in,BAT_SARS
TVT,in,BAT_SARS
RVR,in,BAT_SARS
SGA,dn,BAT_SARS
TAT,in,BAT_SARS
PQG,dn,BAT_SARS
KKDKK,in,BAT_SARS
KKK,in,BAT_SARS
GDG,in,BAT_SARS
LLL,dn,BAT_SARS
QLQ,in,BAT_SARS
QTQ,in,BAT_SARS
SQS,in,BAT_SARS
NPN,in,BAT_SARS
ALA,in,BAT_SARS
QLQ,in,BAT_SARS
LLLL,in,BAT_SARS
GQG,in,BAT_SARS
QTQ,in,BAT_SARS
QKKQ,in,BAT_SARS
GQG,in,BAT_SARS
LAL,in,BAT_SARS
SAS,in,BAT_SARS
KKSA,in,BAT_SARS
LPQ,in,BAT_SARS
GDG,in,BAT_SARS
SPA,in,BAT_SARS
LAL,in,BAT_SARS
KKK,in,BAT_SARS
GPQ,in,BAT_SARS
SSR,dn,BAT_SARS
PNN,dn,BAT_SARS
RVR,in,BAT_SARS
QKKQ,in,BAT_SARS
DGGR,in,BAT_SARS
GKQ,in,BCOV
QQP,in,BCOV
DRD,in,BCOV
DEP,dn,BCOV
LVL,in,BCOV
SGN,dn,BCOV
SGN,dn,BCOV
FGS,in,BCOV
QQP,in,BCOV
SRS,dn,BCOV
RSTSR,in,BCOV
SRS,in,BCOV
FFF,in,BCOV
NQN,in,BCOV
NKQ,in,BCOV
QRQ,in,BCOV
TPA,in,BCOV
GQG,dn,BCOV
SGN,dn,BCOV
QRQ,in,BCOV
SGN,dn,BCOV
KGK,in,BCOV
SRS,dn,BCOV
FFF,in,BCOV
QRQ,in,BCOV
EGQG,in,BCOV
KGK,in,BCOV
TGP,in,BCOV
SRS,in,BCOV
NDN,in,BCOV
AGA,in,BCOV
SGN,dn,BCOV
SSS,dn,BCOV
RQR,in,BCOV
DID,in,BCOV
NDN,in,BCOV
RQR,in,BCOV
DEP,dn,BCOV
KGK,in,BCOV
TPA,in,BCOV
NKQ,in,BCOV
TGP,in,BCOV
PKP,in,BCOV
SGNR,dn,BCOV
KPQ,dn,BCOV
NQN,in,BCOV
EGQG,in,BCOV
QQV,in,BCOV
QQP,in,BCOV
GTG,in,BCOV
SRASS,dn,BCOV
SGN,dn,BCOV
PIA,in,BCOV
QQP,in,BCOV
SRS,in,BCOV
NKQ,in,BCOV
YWY,in,BCOV
SGN,dn,BCOV
QRQ,in,BCOV
RLE,in,BCOV
ASS,in,BCOV
SGN,dn,BCOV
RSG,in,BCOV
QRQ,dn,BCOV
GSR,dn,BCOV
PKP,in,BCOV
FFF,in,BCOV
TSD,in,BCOV
GQG,in,BCOV
IPT,dn,BCOV
SSRASS,dn,BCOV
KGK,in,BCOV
GGG,in,BCOV
SGN,dn,BCOV
GSR,dn,BCOV
VQQ,dn,BCOV
PTR,in,BCOV
GGG,in,BCOV
YWY,in,BCOV
QRQ,in,BCOV
ASS,in,BCOV
YWY,in,BCOV
GVP,dn,BCOV
FGS,in,BCOV
KTAD,in,BCOV
SSS,in,BCOV
TGP,in,BCOV
STS,in,BCOV
RSG,in,BCOV
EGQG,in,BCOV
SRA,dn,BCOV
RLE,in,BCOV
PIA,in,BCOV
DEA,in,BCOV
AGA,in,BCOV
LSG,dn,BCOV
ELA,dn,BCOV
SGN,dn,BCOV
SRASS,dn,BCOV
SRS,in,BCOV
SRS,in,BCOV
GQG,in,BCOV
SSRASS,dn,BCOV
PTR,in,BCOV
NRS,in,BCOV
SGN,dn,BCOV
NQN,in,BCOV
PIA,in,BCOV
GTG,in,BCOV
ADQ,dn,BCOV
LEL,in,BCOV
PIA,in,BCOV
GTG,in,BCOV
TPT,in,BCOV
GNG,in,BCOV
FEF,in,BCOV
GQG,dn,BCOV
TSD,in,BCOV
GNG,in,BCOV
RQK,dn,BCOV
GSR,dn,BCOV
VQQ,dn,BCOV
TPT,in,BCOV
SRS,dn,BCOV
DRD,in,BCOV
DEA,in,BCOV
SGN,dn,BCOV
PKP,in,BCOV
DEP,dn,BCOV
SGN,dn,BCOV
NQN,in,BCOV
ELA,dn,BCOV
RSG,in,BCOV
MNM,in,BCOV
EGQG,in,BCOV
KLG,dn,BCOV
QQP,in,BCOV
SRS,in,BCOV
SRS,in,BCOV
PKP,in,BCOV
QRQ,in,BCOV
QQQ,in,BCOV
PTR,in,BCOV
TGP,in,BCOV
FGS,in,BCOV
RSR,in,BCOV
RSG,in,BCOV
EFE,in,BCOV
SRA,dn,BCOV
SRS,in,BCOV
GKQ,in,BCOV
KQT,dn,BCOV
KGK,in,BCOV
DEA,in,BCOV
GNG,in,BCOV
GNG,in,BCOV
LEL,in,BCOV
SGN,dn,BCOV
SRASS,dn,BCOV
GSR,dn,BCOV
DEP,dn,BCOV
SGN,dn,BCOV
GQG,in,BCOV
TSD,in,BCOV
LEL,in,BCOV
ADQ,dn,BCOV
SGNR,dn,BCOV
SGN,dn,BCOV
QFQ,in,BCOV
DEP,dn,BCOV
SRASS,dn,BCOV
GKQ,in,BCOV
EGQG,in,BCOV
EFE,in,BCOV
KTAD,in,BCOV
GKQ,in,BCOV
TST,in,BCOV
ELA,dn,BCOV
TPA,in,BCOV
TPT,in,BCOV
RSG,in,BCOV
GSG,in,BCOV
PTR,in,BCOV
TGP,in,BCOV
QQV,in,BCOV
TST,in,BCOV
GGG,in,BCOV
SGN,dn,BCOV
SGN,dn,BCOV
NDN,in,BCOV
KLG,dn,BCOV
SRS,in,BCOV
SGNR,dn,BCOV
NQN,in,BCOV
SGNR,dn,BCOV
KTAD,in,BCOV
LVL,in,BCOV
GQG,in,BCOV
ASSA,in,BCOV
RSTSR,in,BCOV
AGA,in,BCOV
SSRASS,dn,BCOV
NQN,in,BCOV
PKP,in,BCOV
GQG,in,BCOV
ADQ,dn,BCOV
QRQ,in,BCOV
VQQ,dn,BCOV
GSR,dn,BCOV
LKL,in,BCOV
SRS,in,BCOV
AGA,in,BCOV
KPQ,dn,BCOV
GGG,in,BCOV
DEA,in,BCOV
QPK,in,BCOV
RQR,in,BCOV
DEA,in,BCOV
ELA,dn,BCOV
QPK,in,BCOV
SRASS,dn,BCOV
QPK,in,BCOV
QQVT,in,BCOV
MNM,in,BCOV
ASSA,in,BCOV
SSS,in,BCOV
QRQ,in,BCOV
SGN,dn,BCOV
GKQ,in,BCOV
TPT,in,BCOV
LAK,dn,BCOV
GQG,in,BCOV
SRS,in,BCOV
QFQ,in,BCOV
TVT,in,BCOV
KQTA,dn,BCOV
PKP,in,BCOV
QRQ,dn,BCOV
LVL,in,BCOV
EGQG,in,BCOV
EGQG,in,BCOV
TAT,in,BCOV
DID,in,BCOV
VQQ,dn,BCOV
NQN,in,BCOV
YFY,in,BCOV
TPT,in,BCOV
GQG,dn,BCOV
TGP,in,BCOV
KQT,dn,BCOV
KTAD,in,BCOV
GNG,in,BCOV
NLN,in,BCOV
QQVT,in,BCOV
YWY,in,BCOV
SGN,dn,BCOV
NKQ,in,BCOV
RLE,in,BCOV
QPK,in,BCOV
KTAD,in,BCOV
GSG,in,BCOV
LSG,dn,BCOV
SGN,dn,BCOV
RGR,in,BCOV
QQVT,in,BCOV
DEA,in,BCOV
SRS,dn,BCOV
SSRAS,dn,BCOV
RLE,in,BCOV
SRASS,dn,BCOV
VQQ,dn,BCOV
TPA,in,BCOV
LAK,dn,BCOV
LVL,in,BCOV
GSG,in,BCOV
SGN,dn,BCOV
SRASS,dn,BCOV
TSD,in,BCOV
FFF,in,BCOV
RQR,in,BCOV
SRA,dn,BCOV
SRS,dn,BCOV
SRS,in,BCOV
SRASS,dn,BCOV
IEG,dn,BCOV
GQG,in,BCOV
SGN,dn,BCOV
SRS,in,BCOV
GVP,dn,BCOV
SRA,dn,BCOV
SGN,dn,BCOV
RQR,in,BCOV
FFF,in,BCOV
SSRASS,dn,BCOV
GGG,in,BCOV
DRD,in,BCOV
GKQ,in,BCOV
GTG,in,BCOV
RSG,in,BCOV
SRASS,dn,BCOV
EGQG,in,BCOV
KPQ,dn,BCOV
ASSA,in,BCOV
QFQ,in,BCOV
QPK,in,BCOV
TSD,in,BCOV
GNG,in,BCOV
KTAD,in,BCOV
DID,in,BCOV
SRS,in,BCOV
SRA,dn,BCOV
GKQ,in,BCOV
TPT,in,BCOV
SRASS,dn,BCOV
ADQ,dn,BCOV
PTR,in,BCOV
NDN,in,BCOV
LVL,in,BCOV
QPK,in,BCOV
SGN,dn,BCOV
LVL,in,BCOV
RGR,in,BCOV
SGN,dn,BCOV
DRD,in,BCOV
SRASS,dn,BCOV
TPA,in,BCOV
NRS,in,BCOV
SRS,in,BCOV
RQK,dn,BCOV
SSRASS,dn,BCOV
QRQ,dn,BCOV
KLG,dn,BCOV
ELA,dn,BCOV
YFY,in,BCOV
GQG,dn,BCOV
FGS,in,BCOV
PIA,in,BCOV
GNG,in,BCOV
YWY,in,BCOV
RQK,dn,BCOV
LGT,dn,BCOV
SRS,in,BCOV
SGN,dn,BCOV
RGR,in,BCOV
GQG,in,BCOV
SRASS,dn,BCOV
NRS,in,BCOV
QPK,in,BCOV
SGN,dn,BCOV
PTR,in,BCOV
QRQ,dn,BCOV
EGQG,in,BCOV
QQP,in,BCOV
NQN,in,BCOV
TST,in,BCOV
SRA,dn,BCOV
AGA,in,BCOV
LKL,in,BCOV
KGK,in,BCOV
GQG,in,BCOV
QQVT,in,BCOV
NKQ,in,BCOV
SRS,in,BCOV
GQG,in,BCOV
SGN,dn,BCOV
GSG,in,BCOV
TSD,in,BCOV
GQG,dn,BCOV
QPK,in,BCOV
SRS,dn,BCOV
RQR,in,BCOV
GGG,in,BCOV
SRS,dn,BCOV
AGA,in,BCOV
YWY,in,BCOV
GTG,in,BCOV
SGN,dn,BCOV
PTR,in,BCOV
DID,in,BCOV
ELA,dn,BCOV
KTAD,in,BCOV
GNG,in,BCOV
QPK,in,BCOV
RQK,dn,BCOV
SGN,dn,BCOV
NDN,in,BCOV
SRS,in,BCOV
YFY,in,BCOV
DEP,dn,BCOV
SRASS,dn,BCOV
SSS,in,BCOV
SGN,dn,BCOV
GQG,in,BCOV
SRASS,dn,BCOV
DEA,in,BCOV
RQK,dn,BCOV
KLG,dn,BCOV
YFY,in,BCOV
LEL,in,BCOV
RSR,in,BCOV
SGN,dn,BCOV
ELA,dn,BCOV
TGP,in,BCOV
VQQ,dn,BCOV
SRA,dn,BCOV
SGN,dn,BCOV
SGN,dn,BCOV
GVP,dn,BCOV
VQQ,dn,BCOV
LEL,in,BCOV
ASS,in,BCOV
DRD,in,BCOV
QPK,in,BCOV
TPA,in,BCOV
LAK,dn,BCOV
ADQ,dn,BCOV
KQTA,dn,BCOV
NLN,in,BCOV
GNG,in,BCOV
GKQ,in,BCOV
TPA,in,BCOV
SGN,dn,BCOV
SRASS,dn,BCOV
SGN,dn,BCOV
DEP,dn,BCOV
SGN,dn,BCOV
GTG,in,BCOV
SRS,in,BCOV
ASS,in,BCOV
QQVT,in,BCOV
GQG,in,BCOV
EFE,in,BCOV
SRASS,dn,BCOV
SSRASS,dn,BCOV
RSR,in,BCOV
LGT,dn,BCOV
ADQ,dn,BCOV
GNG,in,BCOV
FFF,in,BCOV
QRQ,in,BCOV
SGN,dn,BCOV
GKQ,in,BCOV
SGN,dn,BCOV
QQVT,in,BCOV
DEA,in,BCOV
RGR,in,BCOV
MNM,in,BCOV
PTR,in,BCOV
FEF,in,BCOV
FEF,in,BCOV
ASSA,in,BCOV
QPK,in,BCOV
RQK,dn,BCOV
SGN,dn,BCOV
NDN,in,BCOV
LEL,in,BCOV
GQG,in,BCOV
GQG,in,BCOV
SRS,in,BCOV
NKQ,in,BCOV
LVL,in,BCOV
PTR,in,BCOV
LKL,in,BCOV
QPK,in,BCOV
SRA,dn,BCOV
GQG,in,BCOV
NQN,in,BCOV
SGN,dn,BCOV
SRA,dn,BCOV
LAK,dn,BCOV
MNM,in,BCOV
AGA,in,BCOV
RQK,dn,BCOV
NLN,in,BCOV
NDN,in,BCOV
QRQ,in,BCOV
ADQ,dn,BCOV
YWY,in,BCOV
TGP,in,BCOV
SRA,dn,BCOV
SRASS,dn,BCOV
LGT,dn,BCOV
MNM,in,BCOV
QRQ,dn,BCOV
SGN,dn,BCOV
RQK,dn,BCOV
SRA,dn,BCOV
DEA,in,BCOV
GVP,dn,BCOV
TPA,in,BCOV
QRQ,in,BCOV
NKQ,in,BCOV
TGP,in,BCOV
KLG,dn,BCOV
TVT,in,BCOV
GSR,dn,BCOV
SRA,dn,BCOV
DEA,in,BCOV
RSR,in,BCOV
SRA,dn,BCOV
LEL,in,BCOV
SRASS,dn,BCOV
NRS,in,BCOV
GSG,in,BCOV
FFF,in,BCOV
VQQ,dn,BCOV
ASS,in,BCOV
QPK,in,BCOV
QQP,in,BCOV
SRS,in,BCOV
DQS,dn,BCOV
TPA,in,BCOV
LNENL,in,BCOV
SGN,dn,BCOV
GNG,in,BCOV
TVT,in,BCOV
ASS,in,BCOV
NDN,in,BCOV
GGG,in,BCOV
QRQ,in,BCOV
QRQ,dn,BCOV
ASSA,in,BCOV
GKQ,in,BCOV
RQR,in,BCOV
RQR,in,BCOV
GKQ,in,BCOV
LKL,in,BCOV
SGNR,dn,BCOV
TPA,in,BCOV
PKP,in,BCOV
TSD,in,BCOV
TPA,in,BCOV
GKQ,in,BCOV
SSRASS,dn,BCOV
QQV,in,BCOV
SRASS,dn,BCOV
QRQ,dn,BCOV
KGK,in,BCOV
SRA,dn,BCOV
DEA,in,BCOV
NLN,in,BCOV
MNM,in,BCOV
QQP,in,BCOV
ADQ,dn,BCOV
PIA,in,BCOV
NDN,in,BCOV
KPQ,dn,BCOV
AGA,in,BCOV
ASS,in,BCOV
SSS,in,BCOV
VQQ,dn,BCOV
QRQ,dn,BCOV
FEF,in,BCOV
SSS,in,BCOV
SRS,in,BCOV
NKQ,in,BCOV
KPQ,dn,BCOV
SRASS,dn,BCOV
RGR,in,BCOV
DID,in,BCOV
LKL,in,BCOV
SGNR,dn,BCOV
PKP,in,BCOV
RQK,dn,BCOV
DID,in,BCOV
SRA,dn,BCOV
GSG,in,BCOV
NRN,in,BCOV
SRS,dn,BCOV
LKL,in,BCOV
SGN,dn,BCOV
SRS,in,BCOV
SGN,dn,BCOV
QQP,in,BCOV
DQS,dn,BCOV
KQTA,dn,BCOV
ASS,in,BCOV
SRA,dn,BCOV
KTAD,in,BCOV
NDN,in,BCOV
QQV,in,BCOV
SRASS,dn,BCOV
QFQ,in,BCOV
GQG,in,BCOV
QQV,in,BCOV
FFF,in,BCOV
GTG,dn,MERS
PAA,in,MERS
TFP,dn,MERS
DNN,in,MERS
AAA,dn,MERS
RTR,dn,MERS
QGS,dn,MERS
PGP,dn,MERS
SSS,in,MERS
RGR,in,MERS
LAP,dn,MERS
LYL,in,MERS
RNP,dn,MERS
SSR,dn,MERS
GTG,dn,MERS
GTG,in,MERS
AAA,in,MERS
NPN,dn,MERS
PRA,dn,MERS
DNN,in,MERS
VPL,dn,MERS
RGR,in,MERS
RGR,in,MERS
PNN,dn,MERS
TFP,dn,MERS
RGR,in,MERS
ELLE,in,MERS
QSSSR,in,MERS
RAV,dn,MERS
RGR,in,MERS
RTR,dn,MERS
GTG,in,MERS
GKV,dn,MERS
SRS,dn,MERS
DNND,in,MERS
AAA,dn,MERS
AAA,dn,MERS
YTG,dn,MERS
GNS,dn,MERS
DNN,in,MERS
PKN,dn,MERS
GIG,in,MERS
RTRTR,in,MERS
AAP,dn,MERS
RGR,dn,MERS
GDL,dn,MERS
PRW,dn,MERS
RGR,in,MERS
LAP,dn,MERS
NST,dn,MERS
APR,dn,MERS
NND,dn,MERS
ASSA,in,MERS
RGRGR,in,MERS
PGP,in,MERS
NND,dn,MERS
SSS,in,MERS
AAP,dn,MERS
GTG,in,MERS
NPN,dn,MERS
RTR,in,MERS
PGP,in,MERS
PGP,dn,MERS
VWV,in,MERS
AAA,in,MERS
LYL,in,MERS
GSRSG,in,MERS
APR,dn,MERS
TPA,in,MERS
RGR,dn,MERS
PGP,in,MERS
LQL,in,MERS
SSS,in,MERS
GTG,in,MERS
GKV,dn,MERS
DNN,in,MERS
GTG,in,MERS
GTG,dn,MERS
AAA,dn,MERS
NND,dn,MERS
SSS,in,MERS
GTG,in,MERS
SAS,in,MERS
GKV,dn,MERS
NND,dn,MERS
YTG,dn,MERS
PST,in,MERS
PNN,dn,MERS
RNP,dn,MERS
DNN,in,MERS
LYL,in,MERS
SSS,in,MERS
GKV,dn,MERS
PGP,dn,MERS
GNS,dn,MERS
AAA,in,MERS
RTRTR,in,MERS
PKE,dn,MERS
RGRGR,in,MERS
KEK,in,MERS
DNN,in,MERS
ALE,in,MERS
RTRTR,in,MERS
AAA,dn,MERS
PNN,dn,MERS
PGP,in,MERS
DLL,dn,MERS
TFP,dn,MERS
AAA,in,MERS
GTG,in,MERS
GDL,dn,MERS
GDL,dn,MERS
AAAA,in,MERS
RTR,dn,MERS
RTR,in,MERS
GSRSG,in,MERS
GTG,in,MERS
PGP,in,MERS
PAAP,in,MERS
ELLE,in,MERS
PKP,in,MERS
GTG,in,MERS
DNN,in,MERS
RAV,dn,MERS
PNN,dn,MERS
PRA,dn,MERS
PRW,dn,MERS
GTG,in,MERS
RGR,in,MERS
GSRSG,in,MERS
SSRSS,in,MERS
AAA,dn,MERS
RTR,in,MERS
SGQ,in,MERS
SSR,dn,MERS
PGP,in,MERS
RGR,in,MERS
PKE,dn,MERS
LAP,dn,MERS
GTG,in,MERS
RTR,dn,MERS
TGL,in,MERS
YTG,dn,MERS
RGR,in,MERS
NYN,in,MERS
NPN,dn,MERS
NPN,dn,MERS
RTRTR,in,MERS
RGR,in,MERS
NND,dn,MERS
SPA,in,MERS
RGR,dn,MERS
NPN,in,MERS
RTR,dn,MERS
AAAA,in,MERS
PGP,in,MERS
SSS,dn,MERS
RTR,in,MERS
GTG,in,MERS
NPN,in,MERS
NPN,in,MERS
NND,dn,MERS
NPN,in,MERS
PGP,in,MERS
VPL,dn,MERS
RNP,dn,MERS
NAN,in,MERS
RGR,dn,MERS
GSRSG,in,MERS
GKV,dn,MERS
PAAP,in,MERS
GKV,dn,MERS
YTG,dn,MERS
NND,dn,MERS
DNN,in,MERS
SPGPS,in,MERS
YTG,dn,MERS
PKN,dn,MERS
PAAP,in,MERS
SSRSS,in,MERS
RGR,dn,MERS
SSR,dn,MERS
PKP,in,MERS
AAA,in,MERS
GTG,in,MERS
GTG,in,MERS
SPGPS,in,MERS
RGR,in,MERS
HEH,in,MERS
PKE,dn,MERS
TGT,in,MERS
PGP,dn,MERS
TFP,dn,MERS
GTG,in,MERS
GDL,dn,MERS
NST,dn,MERS
NPN,in,MERS
KKEKK,in,MERS
QGS,dn,MERS
SSS,dn,MERS
RTR,in,MERS
PNN,dn,MERS
SSS,dn,MERS
KKEKK,in,MERS
SMS,in,MERS
YTG,dn,MERS
TFP,dn,MERS
AAA,in,MERS
PKN,dn,MERS
AAAA,in,MERS
SQS,in,MERS
KKEKK,in,MERS
STR,in,MERS
GDL,dn,MERS
PKE,dn,MERS
RAV,dn,MERS
SSS,in,MERS
RAV,dn,MERS
AAA,dn,MERS
RTR,in,MERS
RTRTR,in,MERS
NPN,in,MERS
AAA,in,MERS
YWR,in,MERS
RGR,in,MERS
SSS,dn,MERS
AAAA,in,MERS
NPN,dn,MERS
MGM,in,MERS
PNN,dn,MERS
ALE,in,MERS
PRA,dn,MERS
PGP,dn,MERS
LAP,dn,MERS
NPN,in,MERS
RTRTR,in,MERS
NPN,dn,MERS
SSS,in,MERS
NND,dn,MERS
RAV,dn,MERS
PRW,dn,MERS
NPN,in,MERS
KQK,in,MERS
RGR,in,MERS
RTRTR,in,MERS
NPN,in,MERS
PGP,dn,MERS
PNN,dn,MERS
TFP,dn,MERS
PGP,dn,MERS
GTG,in,MERS
DNND,in,MERS
RGR,in,MERS
PNN,dn,MERS
GTG,in,MERS
NST,dn,MERS
SPA,in,MERS
LAP,dn,MERS
GSRSG,in,MERS
NPN,in,MERS
PGP,in,MERS
PGP,in,MERS
PAAP,in,MERS
AAA,in,MERS
APR,dn,MERS
RTRTR,in,MERS
NPN,in,MERS
PKN,dn,MERS
DNND,in,MERS
QGS,dn,MERS
NND,dn,MERS
SRS,dn,MERS
RTR,in,MERS
GTG,dn,MERS
NPN,in,MERS
GTG,in,MERS
GTG,in,MERS
RTRTR,in,MERS
SSRSS,in,MERS
SAS,in,MERS
PGP,dn,MERS
QGS,dn,MERS
GDL,dn,MERS
SSRSS,in,MERS
QGS,dn,MERS
AAA,in,MERS
GDL,dn,MERS
DNN,in,MERS
PRW,dn,MERS
KKEKK,in,MERS
ALE,in,MERS
TFP,dn,MERS
PGP,dn,MERS
QSSSR,in,MERS
PAA,in,MERS
AAP,dn,MERS
NND,dn,MERS
PNN,dn,MERS
AAA,in,MERS
PGP,in,MERS
LAP,dn,MERS
RAV,dn,MERS
RTR,in,MERS
GDL,dn,MERS
GTG,in,MERS
DNND,in,MERS
GDL,dn,MERS
RGRGR,in,MERS
KKEKK,in,MERS
KKEKK,in,MERS
PGP,in,MERS
GPG,in,MERS
SPGPS,in,MERS
RAV,dn,MERS
LAP,dn,MERS
KKEKK,in,MERS
RTR,in,MERS
RAV,dn,MERS
NPN,in,MERS
AAP,dn,MERS
RGR,in,MERS
SSRSS,in,MERS
RGR,in,MERS
TPA,in,MERS
NND,dn,MERS
SSS,in,MERS
AAAA,in,MERS
RTRTR,in,MERS
RTR,in,MERS
NND,dn,MERS
NPN,in,MERS
RTR,in,MERS
APG,in,MERS
PGP,in,MERS
QSSSR,in,MERS
AAA,dn,MERS
NND,dn,MERS
APR,dn,MERS
KNK,in,MERS
DLL,dn,MERS
GKV,dn,MERS
GNS,dn,MERS
KKEKK,in,MERS
SSS,in,MERS
PNN,dn,MERS
NPN,dn,MERS
NPN,in,MERS
RTR,in,MERS
DNND,in,MERS
SSR,dn,MERS
SSS,in,MERS
PKP,in,MERS
RAV,dn,MERS
RAV,dn,MERS
RGRGR,in,MERS
RAV,dn,MERS
PGP,in,MERS
PGP,in,MERS
PRA,dn,MERS
RNP,dn,MERS
LEL,in,MERS
GTG,in,MERS
SSS,dn,MERS
NST,dn,MERS
AAA,in,MERS
TFP,dn,MERS
RTR,in,MERS
TGT,in,MERS
TNT,in,MERS
NND,dn,MERS
NND,dn,MERS
PRW,dn,MERS
KNK,in,MERS
DNN,in,MERS
GTG,in,MERS
RTRTR,in,MERS
SPGPS,in,MERS
NND,dn,MERS
ALE,in,MERS
LEL,in,MERS
ASA,in,MERS
RTR,in,MERS
APR,dn,MERS
GSRSG,in,MERS
AAA,in,MERS
PNN,dn,MERS
GKV,dn,MERS
NND,dn,MERS
KKEKK,in,MERS
GSRSG,in,MERS
PNN,dn,MERS
RTR,in,MERS
SAS,in,MERS
PGP,in,MERS
KQK,in,MERS
LQL,in,MERS
SSS,dn,MERS
APR,dn,MERS
DLL,dn,MERS
RAV,dn,MERS
VPL,dn,MERS
NPN,in,MERS
RNP,dn,MERS
TGP,in,MERS
RAV,dn,MERS
NND,dn,MERS
GTG,dn,MERS
AAA,in,MERS
SSRSS,in,MERS
AAAA,in,MERS
RGRGR,in,MERS
QSSSR,in,MERS
GTG,in,MERS
RNP,dn,MERS
SSS,in,MERS
QSSSR,in,MERS
RNP,dn,MERS
NND,dn,MERS
NPN,in,MERS
RGR,dn,MERS
PRA,dn,MERS
RTR,dn,MERS
RTR,in,MERS
RGR,in,MERS
VPL,dn,MERS
GSRSG,in,MERS
NPN,in,MERS
RTR,in,MERS
PNN,dn,MERS
PNN,dn,MERS
AAV,dn,MERS
PGP,dn,MERS
PKN,dn,MERS
NPN,in,MERS
PRW,dn,MERS
AAAA,in,MERS
DNND,in,MERS
GDL,dn,MERS
NND,dn,MERS
DLL,dn,MERS
PAAP,in,MERS
AAA,in,MERS
LAP,dn,MERS
SSS,dn,MERS
PGP,dn,MERS
RGRGR,in,MERS
DLL,dn,MERS
RGRGR,in,MERS
SSRSS,in,MERS
PKN,dn,MERS
DNND,in,MERS
NND,dn,MERS
GQG,in,MERS
KKEKK,in,MERS
LAP,dn,MERS
GTG,in,MERS
VPL,dn,MERS
RIR,in,MERS
AAA,in,MERS
NND,dn,MERS
SSR,dn,MERS
RGR,dn,MERS
SSS,in,MERS
PGP,in,MERS
LAP,dn,MERS
PGP,in,MERS
RTR,dn,MERS
SSS,dn,MERS
SRS,in,MERS
TPA,in,MERS
SQS,in,MERS
DNN,in,MERS
SSS,in,MERS
RTR,dn,MERS
DNN,in,MERS
SSR,dn,MERS
GKV,dn,MERS
SSS,in,MERS
NPN,in,MERS
NND,dn,MERS
APR,dn,MERS
GDL,dn,MERS
ELLE,in,MERS
LEL,in,MERS
ASSA,in,MERS
RGR,in,MERS
AAA,in,MERS
AAA,in,MERS
NST,dn,MERS
NND,dn,MERS
SPGPS,in,MERS
SSS,dn,MERS
RNP,dn,MERS
RGR,dn,MERS
AAA,dn,MERS
RGR,in,MERS
DNN,in,MERS
TGT,in,MERS
RNP,dn,MERS
NND,dn,MERS
RGR,dn,MERS
NST,dn,MERS
PRA,dn,MERS
DNND,in,MERS
ELLE,in,MERS
TFP,dn,MERS
SSS,in,MERS
LAP,dn,MERS
QSSSR,in,MERS
RGR,dn,MERS
NND,dn,MERS
GTG,dn,MERS
GNS,dn,MERS
AAAA,in,MERS
NAN,in,MERS
RGR,dn,MERS
SSRSS,in,MERS
APR,dn,MERS
PGP,in,MERS
RAV,dn,MERS
PGP,dn,MERS
RTR,in,MERS
GDL,dn,MERS
KKEKK,in,MERS
PNN,dn,MERS
DNN,in,MERS
QSSSR,in,MERS
QSSSR,in,MERS
RNP,dn,MERS
LQL,in,MERS
GDL,dn,MERS
SQS,in,MERS
PNN,dn,MERS
RAR,in,MERS
DNND,in,MERS
GKV,dn,MERS
MGM,in,MERS
NST,dn,MERS
LAP,dn,MERS
AAA,dn,MERS
RTR,dn,MERS
GTG,dn,MERS
YTG,dn,MERS
GTG,in,MERS
RGRGR,in,MERS
RNP,dn,MERS
GKV,dn,MERS
LAP,dn,MERS
PGP,in,MERS
QSSSR,in,MERS
NND,dn,MERS
GTG,in,MERS
NPN,dn,MERS
PAAP,in,MERS
TFP,dn,MERS
RTRTR,in,MERS
RAV,dn,MERS
GIG,in,MERS
SSR,dn,MERS
GKV,dn,MERS
SSS,dn,MERS
PRW,dn,MERS
NPN,in,MERS
NPN,in,MERS
SQS,in,MERS
MGM,in,MERS
NPN,in,MERS
GDL,dn,MERS
APR,dn,MERS
KKEKK,in,MERS
RTR,dn,MERS
TNT,in,MERS
AAA,in,MERS
GKV,dn,MERS
AAA,in,MERS
NST,dn,MERS
RGRGR,in,MERS
VPL,dn,MERS
RGR,in,MERS
RNP,dn,MERS
RTR,in,MERS
VPL,dn,MERS
TKL,dn,MERS
AAAA,in,MERS
QGS,dn,MERS
VPL,dn,MERS
SSR,dn,SARS1
NPN,in,SARS1
TAT,in,SARS1
QGT,dn,SARS1
GQG,in,SARS1
TVT,dn,SARS1
SMS,in,SARS1
ASA,in,SARS1
DMD,in,SARS1
LPQ,in,SARS1
TQA,dn,SARS1
ATEG,in,SARS1
GKG,in,SARS1
RQK,dn,SARS1
LQL,in,SARS1
KMK,in,SARS1
QPLPQ,in,SARS1
GDG,in,SARS1
QTQ,in,SARS1
EAS,dn,SARS1
KQR,in,SARS1
SRSSSRS,in,SARS1
DMD,in,SARS1
GGR,in,SARS1
TVT,in,SARS1
QRQ,in,SARS1
GPE,dn,SARS1
DST,dn,SARS1
VWV,in,SARS1
SMS,in,SARS1
YFY,in,SARS1
NQL,in,SARS1
TVT,in,SARS1
KKKK,in,SARS1
GGG,in,SARS1
KKP,in,SARS1
TAT,in,SARS1
QRS,in,SARS1
TVT,in,SARS1
GGG,in,SARS1
KKP,in,SARS1
QPLPQ,in,SARS1
SRG,dn,SARS1
DKD,in,SARS1
GQQQQG,in,SARS1
LLLL,in,SARS1
SGP,in,SARS1
PQG,dn,SARS1
GQG,in,SARS1
YFY,in,SARS1
TQA,dn,SARS1
NNN,in,SARS1
LLL,in,SARS1
LLL,dn,SARS1
QGQ,in,SARS1
TKK,in,SARS1
NPN,in,SARS1
QTQ,in,SARS1
GPE,dn,SARS1
SSR,dn,SARS1
QGT,dn,SARS1
QKKQ,in,SARS1
ATEG,in,SARS1
RPK,in,SARS1
ASA,in,SARS1
QRS,in,SARS1
QGQ,in,SARS1
RSS,in,SARS1
TVT,in,SARS1
GGG,in,SARS1
RVR,in,SARS1
DQD,in,SARS1
QTV,in,SARS1
RGG,dn,SARS1
GQQQQG,in,SARS1
GGR,in,SARS1
LLLL,in,SARS1
QQQ,dn,SARS1
LLLL,in,SARS1
SSR,dn,SARS1
SRG,dn,SARS1
SSR,dn,SARS1
QTV,in,SARS1
QTQ,in,SARS1
SSR,dn,SARS1
ASA,dn,SARS1
KKK,in,SARS1
KKK,in,SARS1
TAT,in,SARS1
GGG,in,SARS1
YFY,in,SARS1
LPQ,dn,SARS1
QGQ,in,SARS1
KKSA,in,SARS1
QRS,in,SARS1
YFY,in,SARS1
ATEG,in,SARS1
GQQQQG,in,SARS1
QQQ,in,SARS1
NQN,in,SARS1
SRS,in,SARS1
QRQ,in,SARS1
KKSA,in,SARS1
KKK,dn,SARS1
SRG,dn,SARS1
KKDKK,in,SARS1
SRSSSRS,in,SARS1
LPQ,in,SARS1
SAS,in,SARS1
TVT,in,SARS1
RQK,dn,SARS1
QQQ,dn,SARS1
ASA,dn,SARS1
GGS,in,SARS1
KQR,in,SARS1
QPLPQ,in,SARS1
KQR,in,SARS1
SSRSS,in,SARS1
NQL,in,SARS1
TVT,in,SARS1
LLL,dn,SARS1
ASA,in,SARS1
LPQ,in,SARS1
TVT,in,SARS1
NQL,in,SARS1
RGG,dn,SARS1
LQL,in,SARS1
NNN,in,SARS1
LLLL,in,SARS1
GQG,in,SARS1
QPLPQ,in,SARS1
KKP,in,SARS1
SPA,in,SARS1
TAL,dn,SARS1
ATEG,in,SARS1
KKP,in,SARS1
PQG,dn,SARS1
YFY,in,SARS1
RQK,dn,SARS1
AEA,in,SARS1
DMD,in,SARS1
QQQ,dn,SARS1
DST,dn,SARS1
RSS,in,SARS1
QQQ,in,SARS1
KKK,in,SARS1
RQK,dn,SARS1
RQK,dn,SARS1
PQG,dn,SARS1
GGR,in,SARS1
GPT,in,SARS1
TVT,in,SARS1
QTQ,in,SARS1
QRS,in,SARS1
LPQ,in,SARS1
PNN,dn,SARS1
KKK,in,SARS1
TVT,in,SARS1
SRGNS,dn,SARS1
GQG,in,SARS1
DST,dn,SARS1
KQR,in,SARS1
QGQ,in,SARS1
EAS,dn,SARS1
RVR,in,SARS1
GRRG,in,SARS1
LQL,in,SARS1
VWV,in,SARS1
RPK,in,SARS1
QLQ,in,SARS1
SRS,in,SARS1
QQQ,in,SARS1
GGR,in,SARS1
SMS,in,SARS1
DMD,in,SARS1
GKG,in,SARS1
RPK,in,SARS1
KKSA,in,SARS1
QQQ,in,SARS1
GQQQQG,in,SARS1
QRQ,in,SARS1
KKDKK,in,SARS1
RSS,in,SARS1
KKK,in,SARS1
KMK,in,SARS1
SRGNS,dn,SARS1
KKDKK,in,SARS1
TVT,dn,SARS1
ASA,in,SARS1
AEA,in,SARS1
ASA,in,SARS1
QTQ,in,SARS1
RVR,in,SARS1
AEA,in,SARS1
ASA,in,SARS1
DQD,in,SARS1
QGQ,in,SARS1
GPE,dn,SARS1
QPLPQ,in,SARS1
GGR,in,SARS1
GPE,dn,SARS1
SMS,in,SARS1
KKK,dn,SARS1
ASA,in,SARS1
GTG,in,SARS1
GQT,in,SARS1
GTG,in,SARS1
NTN,in,SARS1
TAT,in,SARS1
TKK,in,SARS1
RVR,in,SARS1
GRRG,in,SARS1
TVT,dn,SARS1
VTP,in,SARS1
SRGNS,dn,SARS1
SRS,in,SARS1
RQK,dn,SARS1
SNQ,in,SARS1
TVT,in,SARS1
QQQ,in,SARS1
QGT,dn,SARS1
SMS,in,SARS1
TAT,in,SARS1
NTN,in,SARS1
SAS,in,SARS1
TVT,in,SARS1
KKK,in,SARS1
SRG,dn,SARS1
TAT,in,SARS1
QTQ,in,SARS1
SGP,in,SARS1
LLL,in,SARS1
DKD,in,SARS1
QKKQ,in,SARS1
KQR,in,SARS1
ASA,in,SARS1
ASA,in,SARS1
AEA,in,SARS1
SRGNS,dn,SARS1
TQA,dn,SARS1
QRQ,in,SARS1
QLQ,in,SARS1
SAS,in,SARS1
RSR,in,SARS1
RGG,dn,SARS1
TVT,in,SARS1
YFY,in,SARS1
KKK,in,SARS1
NQN,in,SARS1
TQA,dn,SARS1
DST,dn,SARS1
GGG,in,SARS1
QRQ,in,SARS1
QQQ,dn,SARS1
SSR,dn,SARS1
EAS,dn,SARS1
LPQ,dn,SARS1
GGS,in,SARS1
SAS,in,SARS1
KKK,in,SARS1
GTG,in,SARS1
LPQ,dn,SARS1
LAL,in,SARS1
TVT,in,SARS1
GGR,in,SARS1
SPA,in,SARS1
QKKQ,in,SARS1
ALA,in,SARS1
ALA,in,SARS1
PNN,dn,SARS1
KKSA,in,SARS1
ASA,in,SARS1
QQQ,dn,SARS1
QQQ,dn,SARS1
KQR,in,SARS1
LQL,in,SARS1
NQN,in,SARS1
NQN,in,SARS1
SSR,dn,SARS1
SNQ,in,SARS1
NNN,in,SARS1
RQK,dn,SARS1
QRQ,in,SARS1
QPLPQ,in,SARS1
KKK,in,SARS1
AEA,in,SARS1
LLLL,in,SARS1
LLL,dn,SARS1
GGS,in,SARS1
KKKK,in,SARS1
VWV,in,SARS1
LPQ,in,SARS1
SRSSSRS,in,SARS1
LLL,in,SARS1
GQT,in,SARS1
LPQ,dn,SARS1
VWV,in,SARS1
LAL,in,SARS1
SRG,dn,SARS1
SNQ,in,SARS1
PQG,dn,SARS1
KQR,in,SARS1
KMK,in,SARS1
LAL,in,SARS1
ASA,in,SARS1
GGR,in,SARS1
GPT,in,SARS1
SGP,in,SARS1
QTV,in,SARS1
VTP,in,SARS1
NQL,in,SARS1
DKD,in,SARS1
TVT,in,SARS1
SSRSS,in,SARS1
PNN,dn,SARS1
QTQ,in,SARS1
GGS,in,SARS1
QPLPQ,in,SARS1
GPT,in,SARS1
GTG,in,SARS1
GRRG,in,SARS1
GGR,in,SARS1
LLL,in,SARS1
NPN,in,SARS1
KKK,dn,SARS1
NQL,in,SARS1
QQQ,in,SARS1
GQT,in,SARS1
KKK,dn,SARS1
ASA,in,SARS1
QTV,in,SARS1
NTN,in,SARS1
QQQ,in,SARS1
TVT,in,SARS1
GGR,in,SARS1
GQG,in,SARS1
GRRG,in,SARS1
GGR,in,SARS1
TAL,dn,SARS1
YFY,in,SARS1
DMD,in,SARS1
GGG,in,SARS1
SAS,in,SARS1
QRQ,in,SARS1
ASA,dn,SARS1
TVT,dn,SARS1
DST,dn,SARS1
SGP,in,SARS1
KQR,in,SARS1
ASA,in,SARS1
QKKQ,in,SARS1
ASA,in,SARS1
ATR,in,SARS1
VTP,in,SARS1
TVT,in,SARS1
KKKK,in,SARS1
PNN,dn,SARS1
QGQ,in,SARS1
EAS,dn,SARS1
DST,dn,SARS1
KMK,in,SARS1
EAS,dn,SARS1
SRS,in,SARS1
LPQ,dn,SARS1
PQG,dn,SARS1
RGG,dn,SARS1
KQR,in,SARS1
RPK,in,SARS1
ASA,dn,SARS1
LLL,in,SARS1
GGR,in,SARS1
SAS,in,SARS1
DQD,in,SARS1
DMD,in,SARS1
GQQQQG,in,SARS1
RGG,dn,SARS1
LLL,in,SARS1
QQQ,dn,SARS1
GKG,in,SARS1
LAL,in,SARS1
TKK,in,SARS1
KKDKK,in,SARS1
KKDKK,in,SARS1
SGP,in,SARS1
QTQ,in,SARS1
GQT,in,SARS1
LQL,in,SARS1
NPN,in,SARS1
DQD,in,SARS1
GDG,in,SARS1
ALA,in,SARS1
QQQ,dn,SARS1
GPE,dn,SARS1
DKD,in,SARS1
KKDKK,in,SARS1
SRG,dn,SARS1
RSS,in,SARS1
GDG,in,SARS1
TKK,in,SARS1
AEA,in,SARS1
GGR,in,SARS1
KKK,dn,SARS1
KKK,in,SARS1
SPA,in,SARS1
KKKK,in,SARS1
ATEG,in,SARS1
NQN,in,SARS1
SRSSSRS,in,SARS1
KMK,in,SARS1
SPA,in,SARS1
DQD,in,SARS1
VWV,in,SARS1
DQD,in,SARS1
TVT,dn,SARS1
VWV,in,SARS1
LLL,in,SARS1
TAL,dn,SARS1
KKKK,in,SARS1
LQL,in,SARS1
QRS,in,SARS1
SSRSS,in,SARS1
RPK,in,SARS1
SRG,dn,SARS1
LAL,in,SARS1
TVT,in,SARS1
KQR,in,SARS1
LLL,in,SARS1
KMK,in,SARS1
LAL,in,SARS1
RSS,in,SARS1
LPQ,in,SARS1
SSR,dn,SARS1
KKKK,in,SARS1
LPQ,dn,SARS1
SRG,dn,SARS1
KKSA,in,SARS1
TVT,in,SARS1
DQD,in,SARS1
NQL,in,SARS1
NNN,in,SARS1
GKG,in,SARS1
LLL,in,SARS1
GPT,in,SARS1
ASA,dn,SARS1
QLQ,in,SARS1
GRRG,in,SARS1
KKKK,in,SARS1
GGS,in,SARS1
SSR,dn,SARS1
DST,dn,SARS1
YFY,in,SARS1
LLL,dn,SARS1
RSR,in,SARS1
EAS,dn,SARS1
QQQ,in,SARS1
SGP,in,SARS1
SRG,dn,SARS1
QRS,in,SARS1
NQL,in,SARS1
GGS,in,SARS1
GPE,dn,SARS1
PNN,dn,SARS1
RPK,in,SARS1
SPA,in,SARS1
TKK,in,SARS1
SRG,dn,SARS1
TAL,dn,SARS1
ASA,dn,SARS1
GQG,in,SARS1
ASA,in,SARS1
SSR,dn,SARS1
VTP,in,SARS1
LLL,dn,SARS1
GGR,in,SARS1
GQG,in,SARS1
KQR,in,SARS1
QQQ,in,SARS1
LLL,dn,SARS1
QLQ,in,SARS1
TQA,dn,SARS1
GKG,in,SARS1
RQK,dn,SARS1
ALA,in,SARS1
ASA,in,SARS1
RVR,in,SARS1
TVT,dn,SARS1
GRRG,in,SARS1
LLL,in,SARS1
GDG,in,SARS1
KKK,in,SARS1
KKDKK,in,SARS1
TVT,in,SARS1
LQL,in,SARS1
SMS,in,SARS1
QQQ,dn,SARS1
KQR,in,SARS1
LLL,in,SARS1
RQK,dn,SARS1
TAL,dn,SARS1
TQA,dn,SARS1
PQG,dn,SARS1
QGT,dn,SARS1
SSR,dn,SARS1
KKSA,in,SARS1
QRQ,in,SARS1
KKDKK,in,SARS1
QQQ,in,SARS1
SRGNS,dn,SARS1
RGG,dn,SARS1
NPN,in,SARS1
LLL,in,SARS1
ATR,in,SARS1
NTN,in,SARS1
DQD,in,SARS1
TQA,dn,SARS1
NTN,in,SARS1
SSR,dn,SARS1
RSR,in,SARS1
TAL,dn,SARS1
TVT,in,SARS1
VWV,in,SARS1
TQA,dn,SARS1
GGS,in,SARS1
LAL,in,SARS1
VTP,in,SARS1
GGR,in,SARS1
QGT,dn,SARS1
GKG,in,SARS1
GQQQQG,in,SARS1
ATEG,in,SARS1
SNQ,in,SARS1
GDG,in,SARS1
GPT,in,SARS1
QGQ,in,SARS1
GPE,dn,SARS1
NNN,in,SARS1
ATR,in,SARS1
GPE,dn,SARS1
QLQ,in,SARS1
SRG,dn,SARS1
GKG,in,SARS1
RGG,dn,SARS1
QTV,in,SARS1
ASA,in,SARS1
QPLPQ,in,SARS1
SMS,in,SARS1
DMD,in,SARS1
SAS,in,SARS1
QQQ,in,SARS1
NPN,in,SARS1
DMD,in,SARS1
SSRSS,in,SARS1
QQQ,in,SARS1
GGR,in,SARS1
SRSSSRS,in,SARS1
SMS,in,SARS1
TVT,in,SARS1
QLQ,in,SARS1
NPN,in,SARS1
KKSA,in,SARS1
QQQ,in,SARS1
SMS,in,SARS1
KQR,in,SARS1
KQR,in,SARS1
SRG,dn,SARS1
SRGNS,dn,SARS1
ATEG,in,SARS1
GTG,in,SARS1
TAL,dn,SARS1
TAT,in,SARS1
NTN,in,SARS1
TVT,in,SARS1
SPA,in,SARS1
LLL,in,SARS1
NQL,in,SARS1
GDG,in,SARS1
KKK,in,SARS1
ASA,in,SARS1
RSS,in,SARS1
SNQ,in,SARS1
RSS,in,SARS1
DKD,in,SARS1
KKKK,in,SARS1
QKKQ,in,SARS1
GGG,in,SARS1
TVT,dn,SARS1
