p1,p2,p3,p4,p5,repeat_type,virus_name
_,_,R,V,R,in,BAT_SARS
_,_,S,S,R,dn,BAT_SARS
_,_,G,P,Q,in,BAT_SARS
_,_,K,M,K,in,BAT_SARS
_,_,L,L,L,in,BAT_SARS
_,_,G,K,G,in,BAT_SARS
G,G,R,S,G,in,BAT_SARS
_,_,S,R,S,in,BAT_SARS
_,_,N,T,N,in,BAT_SARS
_,_,A,L,A,in,BAT_SARS
_,D,G,G,R,in,BAT_SARS
_,_,Q,T,Q,in,BAT_SARS
_,_,L,Q,L,in,BAT_SARS
_,_,G,G,S,in,BAT_SARS
_,_,S,Q,S,in,BAT_SARS
_,_,Q,R,Q,in,BAT_SARS
_,_,T,V,T,in,BAT_SARS
_,_,Q,R,Q,in,BAT_SARS
_,_,A,T,R,in,BAT_SARS
_,_,A,S,A,in,BAT_SARS
_,_,L,L,L,in,BAT_SARS
_,_,G,Q,T,in,BAT_SARS
_,_,S,R,G,dn,BAT_SARS
_,_,T,N,S,dn,BAT_SARS
_,_,S,S,S,in,BAT_SARS
_,_,N,D,N,in,BAT_SARS
_,_,E,A,S,dn,BAT_SARS
_,_,Q,T,Q,in,BAT_SARS
_,_,E,A,S,dn,BAT_SARS
_,_,A,T,R,in,BAT_SARS
_,_,T,K,K,in,BAT_SARS
_,_,R,G,G,dn,BAT_SARS
_,_,L,P,Q,in,BAT_SARS
_,_,K,Q,R,in,BAT_SARS
S,S,S,R,S,dn,BAT_SARS
_,_,S,R,G,dn,BAT_SARS
_,_,Q,D,G,in,BAT_SARS
_,_,T,A,T,in,BAT_SARS
_,_,N,S,T,dn,BAT_SARS
_,_,T,A,T,in,BAT_SARS
_,_,Q,Q,Q,in,BAT_SARS
_,_,S,S,R,dn,BAT_SARS
_,A,T,E,G,in,BAT_SARS
_,_,P,N,N,dn,BAT_SARS
_,_,K,Q,R,in,BAT_SARS
_,_,S,S,S,in,BAT_SARS
_,_,R,S,R,in,BAT_SARS
_,L,L,L,L,in,BAT_SARS
_,_,A,S,A,in,BAT_SARS
_,_,S,G,K,dn,BAT_SARS
_,_,Q,G,Q,in,BAT_SARS
_,_,A,T,R,in,BAT_SARS
_,_,S,Q,S,in,BAT_SARS
Q,P,L,P,Q,in,BAT_SARS
_,_,D,M,D,in,BAT_SARS
_,_,T,V,T,dn,BAT_SARS
_,_,G,R,S,in,BAT_SARS
S,S,S,R,S,dn,BAT_SARS
_,K,K,K,K,in,BAT_SARS
_,_,K,K,K,in,BAT_SARS
_,_,T,A,L,dn,BAT_SARS
_,_,A,T,R,in,BAT_SARS
_,_,A,D,S,dn,BAT_SARS
_,_,K,Q,R,in,BAT_SARS
_,_,S,R,S,in,BAT_SARS
_,Q,K,K,Q,in,BAT_SARS
_,_,R,G,G,dn,BAT_SARS
_,_,A,D,S,dn,BAT_SARS
_,_,A,S,A,dn,BAT_SARS
_,_,G,R,S,in,BAT_SARS
_,_,S,R,S,in,BAT_SARS
_,D,G,G,R,in,BAT_SARS
_,_,K,K,K,in,BAT_SARS
_,Q,K,K,Q,in,BAT_SARS
_,_,Y,F,Y,in,BAT_SARS
K,K,D,K,K,in,BAT_SARS
_,_,G,T,G,in,BAT_SARS
_,_,D,M,D,in,BAT_SARS
_,_,S,R,S,in,BAT_SARS
_,_,T,Q,A,dn,BAT_SARS
K,K,D,K,K,in,BAT_SARS
_,_,Y,F,Y,in,BAT_SARS
_,G,R,R,G,in,BAT_SARS
_,_,R,P,K,in,BAT_SARS
_,_,V,T,P,in,BAT_SARS
_,G,R,R,G,in,BAT_SARS
_,_,S,A,S,in,BAT_SARS
K,K,D,K,K,in,BAT_SARS
_,_,S,P,A,in,BAT_SARS
_,_,G,Q,T,in,BAT_SARS
_,_,L,L,L,in,BAT_SARS
_,_,L,L,L,dn,BAT_SARS
_,_,K,K,K,dn,BAT_SARS
_,_,T,V,T,in,BAT_SARS
_,_,L,L,L,in,BAT_SARS
_,_,L,L,L,in,BAT_SARS
_,_,E,A,S,dn,BAT_SARS
_,_,Q,T,V,in,BAT_SARS
_,_,A,L,A,in,BAT_SARS
_,_,Q,Q,Q,dn,BAT_SARS
_,_,Y,F,Y,in,BAT_SARS
_,_,S,S,R,dn,BAT_SARS
_,_,R,V,R,in,BAT_SARS
_,_,T,A,T,in,BAT_SARS
_,_,T,V,T,in,BAT_SARS
_,_,N,T,N,in,BAT_SARS
_,_,N,T,N,in,BAT_SARS
_,_,G,P,E,dn,BAT_SARS
_,_,S,Q,S,in,BAT_SARS
_,_,P,N,N,dn,BAT_SARS
_,A,T,E,G,in,BAT_SARS
_,_,G,P,E,dn,BAT_SARS
_,K,K,S,A,in,BAT_SARS
_,_,A,L,A,in,BAT_SARS
_,_,L,L,L,in,BAT_SARS
_,_,G,R,S,in,BAT_SARS
_,_,G,S,S,dn,BAT_SARS
_,_,G,K,G,in,BAT_SARS
_,_,S,R,G,dn,BAT_SARS
_,_,Q,G,T,dn,BAT_SARS
_,_,K,K,K,dn,BAT_SARS
_,_,K,K,K,in,BAT_SARS
_,A,T,E,G,in,BAT_SARS
_,_,L,A,L,in,BAT_SARS
_,_,R,V,R,in,BAT_SARS
_,_,R,Q,K,dn,BAT_SARS
_,_,G,T,G,in,BAT_SARS
_,_,G,T,G,in,BAT_SARS
_,_,T,V,T,in,BAT_SARS
_,_,G,P,E,dn,BAT_SARS
_,_,S,R,G,dn,BAT_SARS
_,_,T,V,T,in,BAT_SARS
_,_,Q,G,Q,in,BAT_SARS
_,_,L,L,L,dn,BAT_SARS
_,_,T,Q,A,dn,BAT_SARS
_,_,P,N,N,dn,BAT_SARS
_,G,R,R,G,in,BAT_SARS
_,_,G,G,S,in,BAT_SARS
S,S,S,R,S,in,BAT_SARS
K,K,D,K,K,in,BAT_SARS
_,_,A,S,A,dn,BAT_SARS
_,_,N,D,N,in,BAT_SARS
_,_,S,R,G,dn,BAT_SARS
_,_,L,P,Q,dn,BAT_SARS
_,_,L,L,L,in,BAT_SARS
_,_,Q,T,Q,in,BAT_SARS
_,_,G,Q,T,in,BAT_SARS
_,_,G,P,Q,in,BAT_SARS
_,D,G,G,R,in,BAT_SARS
_,_,G,G,G,in,BAT_SARS
_,_,T,V,T,in,BAT_SARS
_,_,N,D,N,in,BAT_SARS
_,_,T,K,K,in,BAT_SARS
_,_,S,G,A,dn,BAT_SARS
_,_,N,P,N,in,BAT_SARS
_,_,G,D,G,in,BAT_SARS
_,_,T,V,T,in,BAT_SARS
_,_,L,Q,L,in,BAT_SARS
_,_,G,S,S,dn,BAT_SARS
_,_,L,L,L,in,BAT_SARS
_,_,G,Q,T,in,BAT_SARS
S,S,S,R,S,in,BAT_SARS
_,_,A,T,R,in,BAT_SARS
_,_,S,R,G,dn,BAT_SARS
_,_,S,P,A,in,BAT_SARS
_,_,S,G,A,dn,BAT_SARS
S,R,G,N,S,dn,BAT_SARS
_,_,G,P,E,dn,BAT_SARS
_,_,V,T,P,in,BAT_SARS
S,S,S,R,S,in,BAT_SARS
_,_,L,P,Q,in,BAT_SARS
_,_,G,P,Q,in,BAT_SARS
_,_,S,M,S,in,BAT_SARS
_,_,G,D,G,in,BAT_SARS
_,_,K,M,K,in,BAT_SARS
_,_,D,K,D,in,BAT_SARS
_,_,S,S,R,dn,BAT_SARS
_,_,A,S,A,in,BAT_SARS
G,G,R,S,G,in,BAT_SARS
_,_,K,K,K,in,BAT_SARS
_,_,N,D,N,in,BAT_SARS
_,_,G,S,S,dn,BAT_SARS
_,_,K,Q,R,in,BAT_SARS
_,_,L,L,L,in,BAT_SARS
_,_,T,A,T,in,BAT_SARS
_,_,T,V,T,dn,BAT_SARS
Q,P,L,P,Q,in,BAT_SARS
_,_,S,P,A,in,BAT_SARS
_,_,T,V,T,in,BAT_SARS
_,_,T,K,K,in,BAT_SARS
_,D,G,G,R,in,BAT_SARS
_,_,T,K,K,in,BAT_SARS
_,_,S,S,R,dn,BAT_SARS
_,_,N,D,N,in,BAT_SARS
_,_,G,R,S,in,BAT_SARS
_,_,K,Q,R,in,BAT_SARS
_,_,S,S,S,in,BAT_SARS
_,_,S,P,A,in,BAT_SARS
_,_,V,T,P,in,BAT_SARS
S,S,S,R,S,dn,BAT_SARS
_,_,L,A,L,in,BAT_SARS
_,_,R,G,G,dn,BAT_SARS
_,_,D,K,D,in,BAT_SARS
_,_,G,K,G,in,BAT_SARS
_,_,T,K,K,in,BAT_SARS
_,_,Q,R,S,in,BAT_SARS
_,_,G,P,E,dn,BAT_SARS
_,_,S,R,G,dn,BAT_SARS
_,_,R,P,K,in,BAT_SARS
_,A,T,E,G,in,BAT_SARS
_,_,G,G,G,in,BAT_SARS
_,_,S,P,A,in,BAT_SARS
_,A,T,E,G,in,BAT_SARS
_,_,D,K,D,in,BAT_SARS
_,_,S,S,S,in,BAT_SARS
_,_,L,L,L,in,BAT_SARS
_,_,S,S,R,dn,BAT_SARS
_,_,S,R,G,dn,BAT_SARS
_,K,K,S,A,in,BAT_SARS
_,_,G,P,Q,in,BAT_SARS
_,_,K,Q,R,in,BAT_SARS
_,_,A,T,R,in,BAT_SARS
_,_,Y,F,Y,in,BAT_SARS
_,_,T,A,L,dn,BAT_SARS
_,_,A,D,S,dn,BAT_SARS
K,K,D,K,K,in,BAT_SARS
_,_,S,M,S,in,BAT_SARS
_,_,Q,D,G,in,BAT_SARS
_,_,D,M,D,in,BAT_SARS
_,_,L,P,Q,in,BAT_SARS
_,_,S,S,R,dn,BAT_SARS
_,_,G,P,E,dn,BAT_SARS
_,_,S,M,S,in,BAT_SARS
_,A,T,E,G,in,BAT_SARS
_,_,D,M,D,in,BAT_SARS
_,_,L,L,L,in,BAT_SARS
_,G,R,R,G,in,BAT_SARS
_,_,G,Q,T,in,BAT_SARS
_,_,G,R,S,in,BAT_SARS
_,_,S,R,G,dn,BAT_SARS
_,_,G,G,G,in,BAT_SARS
_,_,Q,R,Q,in,BAT_SARS
_,_,G,R,S,in,BAT_SARS
Q,P,L,P,Q,in,BAT_SARS
_,_,T,K,K,in,BAT_SARS
_,_,G,D,G,in,BAT_SARS
_,_,K,K,K,dn,BAT_SARS
_,_,Q,G,T,dn,BAT_SARS
_,_,L,Q,L,in,BAT_SARS
_,_,V,W,V,in,BAT_SARS
_,_,Q,D,Q,in,BAT_SARS
_,_,Q,S,Q,in,BAT_SARS
_,_,T,V,T,in,BAT_SARS
_,_,K,K,K,in,BAT_SARS
_,_,L,L,L,dn,BAT_SARS
_,_,S,Q,S,in,BAT_SARS
_,_,Q,T,Q,in,BAT_SARS
_,_,S,S,R,dn,BAT_SARS
_,_,A,E,A,in,BAT_SARS
_,_,T,A,L,dn,BAT_SARS
_,_,G,Q,T,in,BAT_SARS
_,_,T,V,T,in,BAT_SARS
_,_,R,Q,K,dn,BAT_SARS
_,_,S,S,R,dn,BAT_SARS
_,_,R,Q,K,dn,BAT_SARS
_,_,Q,Q,Q,in,BAT_SARS
S,S,S,R,S,in,BAT_SARS
_,_,T,A,T,in,BAT_SARS
_,_,N,T,N,in,BAT_SARS
_,_,G,P,Q,in,BAT_SARS
_,_,P,N,N,dn,BAT_SARS
_,_,Q,Q,Q,in,BAT_SARS
_,_,A,T,R,in,BAT_SARS
_,_,T,V,T,in,BAT_SARS
_,_,S,M,S,in,BAT_SARS
_,_,A,S,A,in,BAT_SARS
_,_,G,S,S,dn,BAT_SARS
S,R,S,S,S,in,BAT_SARS
_,_,Q,L,Q,in,BAT_SARS
_,_,Q,D,G,in,BAT_SARS
_,_,Q,R,S,in,BAT_SARS
S,R,S,S,S,in,BAT_SARS
_,L,L,L,L,in,BAT_SARS
_,A,T,E,G,in,BAT_SARS
S,S,S,R,S,in,BAT_SARS
_,_,S,Q,S,in,BAT_SARS
_,_,Q,L,Q,in,BAT_SARS
_,_,G,G,S,in,BAT_SARS
_,_,G,G,S,in,BAT_SARS
_,_,D,M,D,in,BAT_SARS
_,_,G,P,E,dn,BAT_SARS
_,_,R,S,S,in,BAT_SARS
_,_,L,L,L,in,BAT_SARS
_,_,S,G,K,dn,BAT_SARS
_,_,A,S,A,in,BAT_SARS
_,_,Q,Q,Q,in,BAT_SARS
_,_,Q,R,S,in,BAT_SARS
_,_,Q,L,Q,in,BAT_SARS
_,_,A,S,A,dn,BAT_SARS
_,_,Q,L,Q,in,BAT_SARS
_,_,S,R,G,dn,BAT_SARS
_,A,T,E,G,in,BAT_SARS
_,_,S,R,G,dn,BAT_SARS
_,_,K,K,K,in,BAT_SARS
_,K,K,K,K,in,BAT_SARS
_,_,S,S,S,in,BAT_SARS
_,_,G,K,G,in,BAT_SARS
_,_,S,G,K,dn,BAT_SARS
_,_,G,G,S,in,BAT_SARS
_,_,G,P,Q,in,BAT_SARS
_,_,T,V,T,in,BAT_SARS
_,_,R,S,R,in,BAT_SARS
_,_,G,Q,T,in,BAT_SARS
_,_,K,K,K,in,BAT_SARS
_,_,K,D,D,in,BAT_SARS
_,Q,K,K,Q,in,BAT_SARS
_,_,E,A,S,dn,BAT_SARS
_,_,G,R,S,in,BAT_SARS
_,_,G,Q,G,in,BAT_SARS
_,_,L,P,Q,in,BAT_SARS
_,_,L,L,L,in,BAT_SARS
_,_,N,D,N,in,BAT_SARS
_,_,G,S,S,dn,BAT_SARS
_,_,S,S,R,dn,BAT_SARS
S,S,S,R,S,dn,BAT_SARS
_,_,K,Q,R,in,BAT_SARS
_,_,A,S,A,in,BAT_SARS
_,_,G,Q,T,in,BAT_SARS
_,_,R,Q,K,dn,BAT_SARS
_,Q,K,K,Q,in,BAT_SARS
_,_,T,A,L,dn,BAT_SARS
_,_,L,A,L,in,BAT_SARS
_,_,A,S,A,in,BAT_SARS
_,_,T,K,K,in,BAT_SARS
_,_,S,R,S,in,BAT_SARS
S,S,R,S,S,in,BAT_SARS
_,_,Q,R,Q,in,BAT_SARS
_,_,Q,D,G,in,BAT_SARS
S,S,S,R,S,in,BAT_SARS
_,_,Q,R,S,in,BAT_SARS
G,G,R,S,G,in,BAT_SARS
_,_,G,T,G,in,BAT_SARS
_,_,D,K,D,in,BAT_SARS
_,_,T,Q,A,dn,BAT_SARS
_,_,L,L,L,in,BAT_SARS
_,_,K,K,K,dn,BAT_SARS
_,_,G,R,S,in,BAT_SARS
_,_,P,N,N,dn,BAT_SARS
_,_,G,Q,G,in,BAT_SARS
_,G,R,R,G,in,BAT_SARS
S,R,S,S,S,in,BAT_SARS
_,_,R,P,K,in,BAT_SARS
_,_,Q,R,Q,in,BAT_SARS
_,_,K,D,D,in,BAT_SARS
G,G,R,S,G,in,BAT_SARS
_,_,A,S,A,in,BAT_SARS
_,_,Q,T,V,in,BAT_SARS
_,_,K,K,P,in,BAT_SARS
_,A,T,E,G,in,BAT_SARS
_,_,Q,L,Q,in,BAT_SARS
_,_,S,S,R,dn,BAT_SARS
_,_,S,Q,S,in,BAT_SARS
_,_,A,D,S,dn,BAT_SARS
_,_,S,R,G,dn,BAT_SARS
_,_,T,V,T,in,BAT_SARS
_,_,R,P,K,in,BAT_SARS
_,_,Q,R,Q,in,BAT_SARS
_,_,S,G,K,dn,BAT_SARS
_,_,A,L,A,in,BAT_SARS
_,_,K,M,K,in,BAT_SARS
_,_,S,R,G,dn,BAT_SARS
_,_,S,S,R,dn,BAT_SARS
_,_,A,S,A,in,BAT_SARS
_,_,Q,R,S,in,BAT_SARS
_,_,Q,L,Q,in,BAT_SARS
_,_,L,L,L,dn,BAT_SARS
_,_,A,S,A,dn,BAT_SARS
_,_,G,G,S,in,BAT_SARS
_,_,G,S,S,dn,BAT_SARS
_,_,Q,G,T,dn,BAT_SARS
_,_,L,Q,L,in,BAT_SARS
_,_,G,T,G,in,BAT_SARS
_,_,L,L,L,in,BAT_SARS
_,_,G,R,S,in,BAT_SARS
_,_,V,T,P,in,BAT_SARS
_,_,S,R,G,dn,BAT_SARS
_,_,V,T,P,in,BAT_SARS
S,S,R,S,S,in,BAT_SARS
_,_,Q,L,Q,in,BAT_SARS
_,_,Q,L,Q,in,BAT_SARS
_,_,A,S,A,in,BAT_SARS
_,_,S,G,K,dn,BAT_SARS
_,_,T,A,L,dn,BAT_SARS
_,_,G,G,G,in,BAT_SARS
_,_,R,S,R,in,BAT_SARS
_,K,K,S,A,in,BAT_SARS
_,_,A,L,A,in,BAT_SARS
_,_,R,S,R,in,BAT_SARS
_,_,G,K,G,in,BAT_SARS
_,_,S,M,S,in,BAT_SARS
_,_,P,N,N,dn,BAT_SARS
_,_,D,K,D,in,BAT_SARS
_,_,L,Q,L,in,BAT_SARS
_,_,R,V,R,in,BAT_SARS
_,_,S,M,S,in,BAT_SARS
_,_,A,S,A,in,BAT_SARS
_,_,K,Q,R,in,BAT_SARS
_,_,K,Q,R,in,BAT_SARS
_,_,R,S,S,in,BAT_SARS
_,_,D,S,T,dn,BAT_SARS
_,_,Q,R,S,in,BAT_SARS
_,_,K,K,K,in,BAT_SARS
_,_,V,W,V,in,BAT_SARS
_,_,L,P,Q,dn,BAT_SARS
_,_,S,P,A,in,BAT_SARS
_,_,A,S,A,in,BAT_SARS
_,_,G,R,S,in,BAT_SARS
_,_,G,T,G,in,BAT_SARS
_,_,K,K,K,dn,BAT_SARS
_,_,S,R,G,dn,BAT_SARS
_,K,K,K,K,in,BAT_SARS
_,_,A,E,A,in,BAT_SARS
_,_,S,R,S,in,BAT_SARS
_,L,L,L,L,in,BAT_SARS
G,G,R,S,G,in,BAT_SARS
_,_,A,S,A,dn,BAT_SARS
S,S,S,R,S,dn,BAT_SARS
_,_,A,S,A,dn,BAT_SARS
_,_,T,Q,A,dn,BAT_SARS
_,_,N,N,N,in,BAT_SARS
_,_,R,G,G,dn,BAT_SARS
_,_,A,S,A,dn,BAT_SARS
_,_,V,T,P,in,BAT_SARS
_,_,V,W,V,in,BAT_SARS
_,_,A,D,S,dn,BAT_SARS
_,_,L,Q,L,in,BAT_SARS
S,S,S,R,S,in,BAT_SARS
_,_,P,Q,G,dn,BAT_SARS
_,_,Q,T,V,in,BAT_SARS
Q,Q,Q,Q,G,in,BAT_SARS
_,_,Y,F,Y,in,BAT_SARS
_,_,T,K,K,in,BAT_SARS
_,_,N,N,N,in,BAT_SARS
_,D,G,G,R,in,BAT_SARS
_,_,D,Q,D,in,BAT_SARS
_,_,L,L,L,in,BAT_SARS
_,_,T,V,T,in,BAT_SARS
_,_,A,S,A,in,BAT_SARS
K,K,D,K,K,in,BAT_SARS
_,_,S,M,S,in,BAT_SARS
_,_,L,Q,L,in,BAT_SARS
_,_,T,N,S,dn,BAT_SARS
_,D,G,G,R,in,BAT_SARS
_,_,G,R,S,in,BAT_SARS
_,_,D,K,D,in,BAT_SARS
_,_,S,P,A,in,BAT_SARS
_,_,S,R,S,in,BAT_SARS
_,_,K,D,D,in,BAT_SARS
_,_,K,M,K,in,BAT_SARS
_,_,S,R,G,dn,BAT_SARS
_,_,Q,T,Q,in,BAT_SARS
_,_,E,A,S,dn,BAT_SARS
_,_,A,L,A,in,BAT_SARS
_,_,S,G,A,dn,BAT_SARS
_,_,S,P,A,in,BAT_SARS
_,L,L,L,L,in,BAT_SARS
_,_,L,L,L,dn,BAT_SARS
_,Q,K,K,Q,in,BAT_SARS
_,_,A,S,A,in,BAT_SARS
_,_,Q,T,V,in,BAT_SARS
_,_,L,Q,L,in,BAT_SARS
_,_,T,V,T,in,BAT_SARS
_,_,Q,R,Q,in,BAT_SARS
_,_,L,L,L,in,BAT_SARS
_,_,T,Q,A,dn,BAT_SARS
_,_,G,K,G,in,BAT_SARS
_,_,K,Q,R,in,BAT_SARS
_,_,Q,Q,Q,in,BAT_SARS
_,_,S,S,R,dn,BAT_SARS
_,_,T,V,T,in,BAT_SARS
_,_,R,S,R,in,BAT_SARS
_,_,V,T,P,in,BAT_SARS
_,_,G,Q,G,in,BAT_SARS
_,_,T,A,T,in,BAT_SARS
_,_,Q,R,Q,in,BAT_SARS
_,_,G,G,S,in,BAT_SARS
_,_,Q,S,Q,in,BAT_SARS
_,_,K,K,K,dn,BAT_SARS
_,_,N,T,N,in,BAT_SARS
_,_,D,S,T,dn,BAT_SARS
_,_,G,P,E,dn,BAT_SARS
_,_,L,L,L,in,BAT_SARS
_,_,R,P,K,in,BAT_SARS
S,S,S,R,S,dn,BAT_SARS
_,_,G,Q,G,in,BAT_SARS
_,Q,K,K,Q,in,BAT_SARS
_,_,G,K,G,in,BAT_SARS
_,_,K,K,P,in,BAT_SARS
_,_,S,A,S,in,BAT_SARS
_,_,K,K,K,dn,BAT_SARS
_,_,L,L,L,in,BAT_SARS
K,K,D,K,K,in,BAT_SARS
_,_,K,D,D,in,BAT_SARS
_,_,Q,G,T,dn,BAT_SARS
_,_,R,S,R,in,BAT_SARS
_,_,R,G,G,dn,BAT_SARS
_,_,G,Q,T,in,BAT_SARS
_,_,L,A,L,in,BAT_SARS
_,_,G,G,G,in,BAT_SARS
_,_,N,P,N,in,BAT_SARS
_,_,R,S,S,in,BAT_SARS
_,_,G,K,G,in,BAT_SARS
_,_,N,T,N,in,BAT_SARS
_,_,K,Q,R,in,BAT_SARS
_,_,Q,S,Q,in,BAT_SARS
_,_,R,G,G,dn,BAT_SARS
_,_,N,P,N,in,BAT_SARS
_,_,R,V,R,in,BAT_SARS
Q,P,L,P,Q,in,BAT_SARS
_,_,E,A,S,dn,BAT_SARS
_,_,G,G,S,in,BAT_SARS
_,_,R,S,S,in,BAT_SARS
_,_,S,R,G,dn,BAT_SARS
G,G,R,S,G,in,BAT_SARS
_,_,N,S,T,dn,BAT_SARS
_,_,R,S,R,in,BAT_SARS
_,_,Q,R,Q,in,BAT_SARS
_,_,K,K,P,in,BAT_SARS
_,_,Q,Q,Q,in,BAT_SARS
_,_,N,T,N,in,BAT_SARS
_,_,T,V,T,in,BAT_SARS
_,_,A,S,A,in,BAT_SARS
_,_,S,R,G,dn,BAT_SARS
_,_,S,R,G,dn,BAT_SARS
_,_,K,K,P,in,BAT_SARS
_,_,K,K,P,in,BAT_SARS
S,S,S,R,S,dn,BAT_SARS
_,_,G,Q,G,in,BAT_SARS
S,S,S,R,S,in,BAT_SARS
Q,P,L,P,Q,in,BAT_SARS
_,_,K,K,K,in,BAT_SARS
_,_,T,A,L,dn,BAT_SARS
_,_,T,V,T,in,BAT_SARS
_,_,G,G,G,in,BAT_SARS
_,_,Q,T,V,in,BAT_SARS
_,_,K,K,P,in,BAT_SARS
_,_,S,S,R,dn,BAT_SARS
_,_,G,T,G,in,BAT_SARS
_,_,S,R,S,in,BAT_SARS
Q,P,L,P,Q,in,BAT_SARS
_,_,S,G,A,dn,BAT_SARS
_,L,L,L,L,in,BAT_SARS
_,_,T,V,T,in,BAT_SARS
_,_,R,V,R,in,BAT_SARS
_,_,S,G,A,dn,BAT_SARS
_,_,T,A,T,in,BAT_SARS
_,_,P,Q,G,dn,BAT_SARS
K,K,D,K,K,in,BAT_SARS
_,_,K,K,K,in,BAT_SARS
_,_,G,D,G,in,BAT_SARS
_,_,L,L,L,dn,BAT_SARS
_,_,Q,L,Q,in,BAT_SARS
_,_,Q,T,Q,in,BAT_SARS
_,_,S,Q,S,in,BAT_SARS
_,_,N,P,N,in,BAT_SARS
_,_,A,L,A,in,BAT_SARS
_,_,Q,L,Q,in,BAT_SARS
_,L,L,L,L,in,BAT_SARS
_,_,G,Q,G,in,BAT_SARS
_,_,Q,T,Q,in,BAT_SARS
_,Q,K,K,Q,in,BAT_SARS
_,_,G,Q,G,in,BAT_SARS
_,_,L,A,L,in,BAT_SARS
_,_,S,A,S,in,BAT_SARS
_,K,K,S,A,in,BAT_SARS
_,_,L,P,Q,in,BAT_SARS
_,_,G,D,G,in,BAT_SARS
_,_,S,P,A,in,BAT_SARS
_,_,L,A,L,in,BAT_SARS
_,_,K,K,K,in,BAT_SARS
_,_,G,P,Q,in,BAT_SARS
_,_,S,S,R,dn,BAT_SARS
_,_,P,N,N,dn,BAT_SARS
_,_,R,V,R,in,BAT_SARS
_,Q,K,K,Q,in,BAT_SARS
_,D,G,G,R,in,BAT_SARS
_,_,G,K,Q,in,BCOV
_,_,Q,Q,P,in,BCOV
_,_,D,R,D,in,BCOV
_,_,D,E,P,dn,BCOV
_,_,L,V,L,in,BCOV
_,_,S,G,N,dn,BCOV
_,_,S,G,N,dn,BCOV
_,_,F,G,S,in,BCOV
_,_,Q,Q,P,in,BCOV
_,_,S,R,S,dn,BCOV
R,S,T,S,R,in,BCOV
_,_,S,R,S,in,BCOV
_,_,F,F,F,in,BCOV
_,_,N,Q,N,in,BCOV
_,_,N,K,Q,in,BCOV
_,_,Q,R,Q,in,BCOV
_,_,T,P,A,in,BCOV
_,_,G,Q,G,dn,BCOV
_,_,S,G,N,dn,BCOV
_,_,Q,R,Q,in,BCOV
_,_,S,G,N,dn,BCOV
_,_,K,G,K,in,BCOV
_,_,S,R,S,dn,BCOV
_,_,F,F,F,in,BCOV
_,_,Q,R,Q,in,BCOV
_,E,G,Q,G,in,BCOV
_,_,K,G,K,in,BCOV
_,_,T,G,P,in,BCOV
_,_,S,R,S,in,BCOV
_,_,N,D,N,in,BCOV
_,_,A,G,A,in,BCOV
_,_,S,G,N,dn,BCOV
_,_,S,S,S,dn,BCOV
_,_,R,Q,R,in,BCOV
_,_,D,I,D,in,BCOV
_,_,N,D,N,in,BCOV
_,_,R,Q,R,in,BCOV
_,_,D,E,P,dn,BCOV
_,_,K,G,K,in,BCOV
_,_,T,P,A,in,BCOV
_,_,N,K,Q,in,BCOV
_,_,T,G,P,in,BCOV
_,_,P,K,P,in,BCOV
_,S,G,N,R,dn,BCOV
_,_,K,P,Q,dn,BCOV
_,_,N,Q,N,in,BCOV
_,E,G,Q,G,in,BCOV
_,_,Q,Q,V,in,BCOV
_,_,Q,Q,P,in,BCOV
_,_,G,T,G,in,BCOV
S,R,A,S,S,dn,BCOV
_,_,S,G,N,dn,BCOV
_,_,P,I,A,in,BCOV
_,_,Q,Q,P,in,BCOV
_,_,S,R,S,in,BCOV
_,_,N,K,Q,in,BCOV
_,_,Y,W,Y,in,BCOV
_,_,S,G,N,dn,BCOV
_,_,Q,R,Q,in,BCOV
_,_,R,L,E,in,BCOV
_,_,A,S,S,in,BCOV
_,_,S,G,N,dn,BCOV
_,_,R,S,G,in,BCOV
_,_,Q,R,Q,dn,BCOV
_,_,G,S,R,dn,BCOV
_,_,P,K,P,in,BCOV
_,_,F,F,F,in,BCOV
_,_,T,S,D,in,BCOV
_,_,G,Q,G,in,BCOV
_,_,I,P,T,dn,BCOV
S,R,A,S,S,dn,BCOV
_,_,K,G,K,in,BCOV
_,_,G,G,G,in,BCOV
_,_,S,G,N,dn,BCOV
_,_,G,S,R,dn,BCOV
_,_,V,Q,Q,dn,BCOV
_,_,P,T,R,in,BCOV
_,_,G,G,G,in,BCOV
_,_,Y,W,Y,in,BCOV
_,_,Q,R,Q,in,BCOV
_,_,A,S,S,in,BCOV
_,_,Y,W,Y,in,BCOV
_,_,G,V,P,dn,BCOV
_,_,F,G,S,in,BCOV
_,K,T,A,D,in,BCOV
_,_,S,S,S,in,BCOV
_,_,T,G,P,in,BCOV
_,_,S,T,S,in,BCOV
_,_,R,S,G,in,BCOV
_,E,G,Q,G,in,BCOV
_,_,S,R,A,dn,BCOV
_,_,R,L,E,in,BCOV
_,_,P,I,A,in,BCOV
_,_,D,E,A,in,BCOV
_,_,A,G,A,in,BCOV
_,_,L,S,G,dn,BCOV
_,_,E,L,A,dn,BCOV
_,_,S,G,N,dn,BCOV
S,R,A,S,S,dn,BCOV
_,_,S,R,S,in,BCOV
_,_,S,R,S,in,BCOV
_,_,G,Q,G,in,BCOV
S,R,A,S,S,dn,BCOV
_,_,P,T,R,in,BCOV
_,_,N,R,S,in,BCOV
_,_,S,G,N,dn,BCOV
_,_,N,Q,N,in,BCOV
_,_,P,I,A,in,BCOV
_,_,G,T,G,in,BCOV
_,_,A,D,Q,dn,BCOV
_,_,L,E,L,in,BCOV
_,_,P,I,A,in,BCOV
_,_,G,T,G,in,BCOV
_,_,T,P,T,in,BCOV
_,_,G,N,G,in,BCOV
_,_,F,E,F,in,BCOV
_,_,G,Q,G,dn,BCOV
_,_,T,S,D,in,BCOV
_,_,G,N,G,in,BCOV
_,_,R,Q,K,dn,BCOV
_,_,G,S,R,dn,BCOV
_,_,V,Q,Q,dn,BCOV
_,_,T,P,T,in,BCOV
_,_,S,R,S,dn,BCOV
_,_,D,R,D,in,BCOV
_,_,D,E,A,in,BCOV
_,_,S,G,N,dn,BCOV
_,_,P,K,P,in,BCOV
_,_,D,E,P,dn,BCOV
_,_,S,G,N,dn,BCOV
_,_,N,Q,N,in,BCOV
_,_,E,L,A,dn,BCOV
_,_,R,S,G,in,BCOV
_,_,M,N,M,in,BCOV
_,E,G,Q,G,in,BCOV
_,_,K,L,G,dn,BCOV
_,_,Q,Q,P,in,BCOV
_,_,S,R,S,in,BCOV
_,_,S,R,S,in,BCOV
_,_,P,K,P,in,BCOV
_,_,Q,R,Q,in,BCOV
_,_,Q,Q,Q,in,BCOV
_,_,P,T,R,in,BCOV
_,_,T,G,P,in,BCOV
_,_,F,G,S,in,BCOV
_,_,R,S,R,in,BCOV
_,_,R,S,G,in,BCOV
_,_,E,F,E,in,BCOV
_,_,S,R,A,dn,BCOV
_,_,S,R,S,in,BCOV
_,_,G,K,Q,in,BCOV
_,_,K,Q,T,dn,BCOV
_,_,K,G,K,in,BCOV
_,_,D,E,A,in,BCOV
_,_,G,N,G,in,BCOV
_,_,G,N,G,in,BCOV
_,_,L,E,L,in,BCOV
_,_,S,G,N,dn,BCOV
S,R,A,S,S,dn,BCOV
_,_,G,S,R,dn,BCOV
_,_,D,E,P,dn,BCOV
_,_,S,G,N,dn,BCOV
_,_,G,Q,G,in,BCOV
_,_,T,S,D,in,BCOV
_,_,L,E,L,in,BCOV
_,_,A,D,Q,dn,BCOV
_,S,G,N,R,dn,BCOV
_,_,S,G,N,dn,BCOV
_,_,Q,F,Q,in,BCOV
_,_,D,E,P,dn,BCOV
S,R,A,S,S,dn,BCOV
_,_,G,K,Q,in,BCOV
_,E,G,Q,G,in,BCOV
_,_,E,F,E,in,BCOV
_,K,T,A,D,in,BCOV
_,_,G,K,Q,in,BCOV
_,_,T,S,T,in,BCOV
_,_,E,L,A,dn,BCOV
_,_,T,P,A,in,BCOV
_,_,T,P,T,in,BCOV
_,_,R,S,G,in,BCOV
_,_,G,S,G,in,BCOV
_,_,P,T,R,in,BCOV
_,_,T,G,P,in,BCOV
_,_,Q,Q,V,in,BCOV
_,_,T,S,T,in,BCOV
_,_,G,G,G,in,BCOV
_,_,S,G,N,dn,BCOV
_,_,S,G,N,dn,BCOV
_,_,N,D,N,in,BCOV
_,_,K,L,G,dn,BCOV
_,_,S,R,S,in,BCOV
_,S,G,N,R,dn,BCOV
_,_,N,Q,N,in,BCOV
_,S,G,N,R,dn,BCOV
_,K,T,A,D,in,BCOV
_,_,L,V,L,in,BCOV
_,_,G,Q,G,in,BCOV
_,A,S,S,A,in,BCOV
R,S,T,S,R,in,BCOV
_,_,A,G,A,in,BCOV
S,R,A,S,S,dn,BCOV
_,_,N,Q,N,in,BCOV
_,_,P,K,P,in,BCOV
_,_,G,Q,G,in,BCOV
_,_,A,D,Q,dn,BCOV
_,_,Q,R,Q,in,BCOV
_,_,V,Q,Q,dn,BCOV
_,_,G,S,R,dn,BCOV
_,_,L,K,L,in,BCOV
_,_,S,R,S,in,BCOV
_,_,A,G,A,in,BCOV
_,_,K,P,Q,dn,BCOV
_,_,G,G,G,in,BCOV
_,_,D,E,A,in,BCOV
_,_,Q,P,K,in,BCOV
_,_,R,Q,R,in,BCOV
_,_,D,E,A,in,BCOV
_,_,E,L,A,dn,BCOV
_,_,Q,P,K,in,BCOV
S,R,A,S,S,dn,BCOV
_,_,Q,P,K,in,BCOV
_,Q,Q,V,T,in,BCOV
_,_,M,N,M,in,BCOV
_,A,S,S,A,in,BCOV
_,_,S,S,S,in,BCOV
_,_,Q,R,Q,in,BCOV
_,_,S,G,N,dn,BCOV
_,_,G,K,Q,in,BCOV
_,_,T,P,T,in,BCOV
_,_,L,A,K,dn,BCOV
_,_,G,Q,G,in,BCOV
_,_,S,R,S,in,BCOV
_,_,Q,F,Q,in,BCOV
_,_,T,V,T,in,BCOV
_,K,Q,T,A,dn,BCOV
_,_,P,K,P,in,BCOV
_,_,Q,R,Q,dn,BCOV
_,_,L,V,L,in,BCOV
_,E,G,Q,G,in,BCOV
_,E,G,Q,G,in,BCOV
_,_,T,A,T,in,BCOV
_,_,D,I,D,in,BCOV
_,_,V,Q,Q,dn,BCOV
_,_,N,Q,N,in,BCOV
_,_,Y,F,Y,in,BCOV
_,_,T,P,T,in,BCOV
_,_,G,Q,G,dn,BCOV
_,_,T,G,P,in,BCOV
_,_,K,Q,T,dn,BCOV
_,K,T,A,D,in,BCOV
_,_,G,N,G,in,BCOV
_,_,N,L,N,in,BCOV
_,Q,Q,V,T,in,BCOV
_,_,Y,W,Y,in,BCOV
_,_,S,G,N,dn,BCOV
_,_,N,K,Q,in,BCOV
_,_,R,L,E,in,BCOV
_,_,Q,P,K,in,BCOV
_,K,T,A,D,in,BCOV
_,_,G,S,G,in,BCOV
_,_,L,S,G,dn,BCOV
_,_,S,G,N,dn,BCOV
_,_,R,G,R,in,BCOV
_,Q,Q,V,T,in,BCOV
_,_,D,E,A,in,BCOV
_,_,S,R,S,dn,BCOV
S,S,R,A,S,dn,BCOV
_,_,R,L,E,in,BCOV
S,R,A,S,S,dn,BCOV
_,_,V,Q,Q,dn,BCOV
_,_,T,P,A,in,BCOV
_,_,L,A,K,dn,BCOV
_,_,L,V,L,in,BCOV
_,_,G,S,G,in,BCOV
_,_,S,G,N,dn,BCOV
S,R,A,S,S,dn,BCOV
_,_,T,S,D,in,BCOV
_,_,F,F,F,in,BCOV
_,_,R,Q,R,in,BCOV
_,_,S,R,A,dn,BCOV
_,_,S,R,S,dn,BCOV
_,_,S,R,S,in,BCOV
S,R,A,S,S,dn,BCOV
_,_,I,E,G,dn,BCOV
_,_,G,Q,G,in,BCOV
_,_,S,G,N,dn,BCOV
_,_,S,R,S,in,BCOV
_,_,G,V,P,dn,BCOV
_,_,S,R,A,dn,BCOV
_,_,S,G,N,dn,BCOV
_,_,R,Q,R,in,BCOV
_,_,F,F,F,in,BCOV
S,R,A,S,S,dn,BCOV
_,_,G,G,G,in,BCOV
_,_,D,R,D,in,BCOV
_,_,G,K,Q,in,BCOV
_,_,G,T,G,in,BCOV
_,_,R,S,G,in,BCOV
S,R,A,S,S,dn,BCOV
_,E,G,Q,G,in,BCOV
_,_,K,P,Q,dn,BCOV
_,A,S,S,A,in,BCOV
_,_,Q,F,Q,in,BCOV
_,_,Q,P,K,in,BCOV
_,_,T,S,D,in,BCOV
_,_,G,N,G,in,BCOV
_,K,T,A,D,in,BCOV
_,_,D,I,D,in,BCOV
_,_,S,R,S,in,BCOV
_,_,S,R,A,dn,BCOV
_,_,G,K,Q,in,BCOV
_,_,T,P,T,in,BCOV
S,R,A,S,S,dn,BCOV
_,_,A,D,Q,dn,BCOV
_,_,P,T,R,in,BCOV
_,_,N,D,N,in,BCOV
_,_,L,V,L,in,BCOV
_,_,Q,P,K,in,BCOV
_,_,S,G,N,dn,BCOV
_,_,L,V,L,in,BCOV
_,_,R,G,R,in,BCOV
_,_,S,G,N,dn,BCOV
_,_,D,R,D,in,BCOV
S,R,A,S,S,dn,BCOV
_,_,T,P,A,in,BCOV
_,_,N,R,S,in,BCOV
_,_,S,R,S,in,BCOV
_,_,R,Q,K,dn,BCOV
S,R,A,S,S,dn,BCOV
_,_,Q,R,Q,dn,BCOV
_,_,K,L,G,dn,BCOV
_,_,E,L,A,dn,BCOV
_,_,Y,F,Y,in,BCOV
_,_,G,Q,G,dn,BCOV
_,_,F,G,S,in,BCOV
_,_,P,I,A,in,BCOV
_,_,G,N,G,in,BCOV
_,_,Y,W,Y,in,BCOV
_,_,R,Q,K,dn,BCOV
_,_,L,G,T,dn,BCOV
_,_,S,R,S,in,BCOV
_,_,S,G,N,dn,BCOV
_,_,R,G,R,in,BCOV
_,_,G,Q,G,in,BCOV
S,R,A,S,S,dn,BCOV
_,_,N,R,S,in,BCOV
_,_,Q,P,K,in,BCOV
_,_,S,G,N,dn,BCOV
_,_,P,T,R,in,BCOV
_,_,Q,R,Q,dn,BCOV
_,E,G,Q,G,in,BCOV
_,_,Q,Q,P,in,BCOV
_,_,N,Q,N,in,BCOV
_,_,T,S,T,in,BCOV
_,_,S,R,A,dn,BCOV
_,_,A,G,A,in,BCOV
_,_,L,K,L,in,BCOV
_,_,K,G,K,in,BCOV
_,_,G,Q,G,in,BCOV
_,Q,Q,V,T,in,BCOV
_,_,N,K,Q,in,BCOV
_,_,S,R,S,in,BCOV
_,_,G,Q,G,in,BCOV
_,_,S,G,N,dn,BCOV
_,_,G,S,G,in,BCOV
_,_,T,S,D,in,BCOV
_,_,G,Q,G,dn,BCOV
_,_,Q,P,K,in,BCOV
_,_,S,R,S,dn,BCOV
_,_,R,Q,R,in,BCOV
_,_,G,G,G,in,BCOV
_,_,S,R,S,dn,BCOV
_,_,A,G,A,in,BCOV
_,_,Y,W,Y,in,BCOV
_,_,G,T,G,in,BCOV
_,_,S,G,N,dn,BCOV
_,_,P,T,R,in,BCOV
_,_,D,I,D,in,BCOV
_,_,E,L,A,dn,BCOV
_,K,T,A,D,in,BCOV
_,_,G,N,G,in,BCOV
_,_,Q,P,K,in,BCOV
_,_,R,Q,K,dn,BCOV
_,_,S,G,N,dn,BCOV
_,_,N,D,N,in,BCOV
_,_,S,R,S,in,BCOV
_,_,Y,F,Y,in,BCOV
_,_,D,E,P,dn,BCOV
S,R,A,S,S,dn,BCOV
_,_,S,S,S,in,BCOV
_,_,S,G,N,dn,BCOV
_,_,G,Q,G,in,BCOV
S,R,A,S,S,dn,BCOV
_,_,D,E,A,in,BCOV
_,_,R,Q,K,dn,BCOV
_,_,K,L,G,dn,BCOV
_,_,Y,F,Y,in,BCOV
_,_,L,E,L,in,BCOV
_,_,R,S,R,in,BCOV
_,_,S,G,N,dn,BCOV
_,_,E,L,A,dn,BCOV
_,_,T,G,P,in,BCOV
_,_,V,Q,Q,dn,BCOV
_,_,S,R,A,dn,BCOV
_,_,S,G,N,dn,BCOV
_,_,S,G,N,dn,BCOV
_,_,G,V,P,dn,BCOV
_,_,V,Q,Q,dn,BCOV
_,_,L,E,L,in,BCOV
_,_,A,S,S,in,BCOV
_,_,D,R,D,in,BCOV
_,_,Q,P,K,in,BCOV
_,_,T,P,A,in,BCOV
_,_,L,A,K,dn,BCOV
_,_,A,D,Q,dn,BCOV
_,K,Q,T,A,dn,BCOV
_,_,N,L,N,in,BCOV
_,_,G,N,G,in,BCOV
_,_,G,K,Q,in,BCOV
_,_,T,P,A,in,BCOV
_,_,S,G,N,dn,BCOV
S,R,A,S,S,dn,BCOV
_,_,S,G,N,dn,BCOV
_,_,D,E,P,dn,BCOV
_,_,S,G,N,dn,BCOV
_,_,G,T,G,in,BCOV
_,_,S,R,S,in,BCOV
_,_,A,S,S,in,BCOV
_,Q,Q,V,T,in,BCOV
_,_,G,Q,G,in,BCOV
_,_,E,F,E,in,BCOV
S,R,A,S,S,dn,BCOV
S,R,A,S,S,dn,BCOV
_,_,R,S,R,in,BCOV
_,_,L,G,T,dn,BCOV
_,_,A,D,Q,dn,BCOV
_,_,G,N,G,in,BCOV
_,_,F,F,F,in,BCOV
_,_,Q,R,Q,in,BCOV
_,_,S,G,N,dn,BCOV
_,_,G,K,Q,in,BCOV
_,_,S,G,N,dn,BCOV
_,Q,Q,V,T,in,BCOV
_,_,D,E,A,in,BCOV
_,_,R,G,R,in,BCOV
_,_,M,N,M,in,BCOV
_,_,P,T,R,in,BCOV
_,_,F,E,F,in,BCOV
_,_,F,E,F,in,BCOV
_,A,S,S,A,in,BCOV
_,_,Q,P,K,in,BCOV
_,_,R,Q,K,dn,BCOV
_,_,S,G,N,dn,BCOV
_,_,N,D,N,in,BCOV
_,_,L,E,L,in,BCOV
_,_,G,Q,G,in,BCOV
_,_,G,Q,G,in,BCOV
_,_,S,R,S,in,BCOV
_,_,N,K,Q,in,BCOV
_,_,L,V,L,in,BCOV
_,_,P,T,R,in,BCOV
_,_,L,K,L,in,BCOV
_,_,Q,P,K,in,BCOV
_,_,S,R,A,dn,BCOV
_,_,G,Q,G,in,BCOV
_,_,N,Q,N,in,BCOV
_,_,S,G,N,dn,BCOV
_,_,S,R,A,dn,BCOV
_,_,L,A,K,dn,BCOV
_,_,M,N,M,in,BCOV
_,_,A,G,A,in,BCOV
_,_,R,Q,K,dn,BCOV
_,_,N,L,N,in,BCOV
_,_,N,D,N,in,BCOV
_,_,Q,R,Q,in,BCOV
_,_,A,D,Q,dn,BCOV
_,_,Y,W,Y,in,BCOV
_,_,T,G,P,in,BCOV
_,_,S,R,A,dn,BCOV
S,R,A,S,S,dn,BCOV
_,_,L,G,T,dn,BCOV
_,_,M,N,M,in,BCOV
_,_,Q,R,Q,dn,BCOV
_,_,S,G,N,dn,BCOV
_,_,R,Q,K,dn,BCOV
_,_,S,R,A,dn,BCOV
_,_,D,E,A,in,BCOV
_,_,G,V,P,dn,BCOV
_,_,T,P,A,in,BCOV
_,_,Q,R,Q,in,BCOV
_,_,N,K,Q,in,BCOV
_,_,T,G,P,in,BCOV
_,_,K,L,G,dn,BCOV
_,_,T,V,T,in,BCOV
_,_,G,S,R,dn,BCOV
_,_,S,R,A,dn,BCOV
_,_,D,E,A,in,BCOV
_,_,R,S,R,in,BCOV
_,_,S,R,A,dn,BCOV
_,_,L,E,L,in,BCOV
S,R,A,S,S,dn,BCOV
_,_,N,R,S,in,BCOV
_,_,G,S,G,in,BCOV
_,_,F,F,F,in,BCOV
_,_,V,Q,Q,dn,BCOV
_,_,A,S,S,in,BCOV
_,_,Q,P,K,in,BCOV
_,_,Q,Q,P,in,BCOV
_,_,S,R,S,in,BCOV
_,_,D,Q,S,dn,BCOV
_,_,T,P,A,in,BCOV
L,N,E,N,L,in,BCOV
_,_,S,G,N,dn,BCOV
_,_,G,N,G,in,BCOV
_,_,T,V,T,in,BCOV
_,_,A,S,S,in,BCOV
_,_,N,D,N,in,BCOV
_,_,G,G,G,in,BCOV
_,_,Q,R,Q,in,BCOV
_,_,Q,R,Q,dn,BCOV
_,A,S,S,A,in,BCOV
_,_,G,K,Q,in,BCOV
_,_,R,Q,R,in,BCOV
_,_,R,Q,R,in,BCOV
_,_,G,K,Q,in,BCOV
_,_,L,K,L,in,BCOV
_,S,G,N,R,dn,BCOV
_,_,T,P,A,in,BCOV
_,_,P,K,P,in,BCOV
_,_,T,S,D,in,BCOV
_,_,T,P,A,in,BCOV
_,_,G,K,Q,in,BCOV
S,R,A,S,S,dn,BCOV
_,_,Q,Q,V,in,BCOV
S,R,A,S,S,dn,BCOV
_,_,Q,R,Q,dn,BCOV
_,_,K,G,K,in,BCOV
_,_,S,R,A,dn,BCOV
_,_,D,E,A,in,BCOV
_,_,N,L,N,in,BCOV
_,_,M,N,M,in,BCOV
_,_,Q,Q,P,in,BCOV
_,_,A,D,Q,dn,BCOV
_,_,P,I,A,in,BCOV
_,_,N,D,N,in,BCOV
_,_,K,P,Q,dn,BCOV
_,_,A,G,A,in,BCOV
_,_,A,S,S,in,BCOV
_,_,S,S,S,in,BCOV
_,_,V,Q,Q,dn,BCOV
_,_,Q,R,Q,dn,BCOV
_,_,F,E,F,in,BCOV
_,_,S,S,S,in,BCOV
_,_,S,R,S,in,BCOV
_,_,N,K,Q,in,BCOV
_,_,K,P,Q,dn,BCOV
S,R,A,S,S,dn,BCOV
_,_,R,G,R,in,BCOV
_,_,D,I,D,in,BCOV
_,_,L,K,L,in,BCOV
_,S,G,N,R,dn,BCOV
_,_,P,K,P,in,BCOV
_,_,R,Q,K,dn,BCOV
_,_,D,I,D,in,BCOV
_,_,S,R,A,dn,BCOV
_,_,G,S,G,in,BCOV
_,_,N,R,N,in,BCOV
_,_,S,R,S,dn,BCOV
_,_,L,K,L,in,BCOV
_,_,S,G,N,dn,BCOV
_,_,S,R,S,in,BCOV
_,_,S,G,N,dn,BCOV
_,_,Q,Q,P,in,BCOV
_,_,D,Q,S,dn,BCOV
_,K,Q,T,A,dn,BCOV
_,_,A,S,S,in,BCOV
_,_,S,R,A,dn,BCOV
_,K,T,A,D,in,BCOV
_,_,N,D,N,in,BCOV
_,_,Q,Q,V,in,BCOV
S,R,A,S,S,dn,BCOV
_,_,Q,F,Q,in,BCOV
_,_,G,Q,G,in,BCOV
_,_,Q,Q,V,in,BCOV
_,_,F,F,F,in,BCOV
_,_,G,T,G,dn,MERS
_,_,P,A,A,in,MERS
_,_,T,F,P,dn,MERS
_,_,D,N,N,in,MERS
_,_,A,A,A,dn,MERS
_,_,R,T,R,dn,MERS
_,_,Q,G,S,dn,MERS
_,_,P,G,P,dn,MERS
_,_,S,S,S,in,MERS
_,_,R,G,R,in,MERS
_,_,L,A,P,dn,MERS
_,_,L,Y,L,in,MERS
_,_,R,N,P,dn,MERS
_,_,S,S,R,dn,MERS
_,_,G,T,G,dn,MERS
_,_,G,T,G,in,MERS
_,_,A,A,A,in,MERS
_,_,N,P,N,dn,MERS
_,_,P,R,A,dn,MERS
_,_,D,N,N,in,MERS
_,_,V,P,L,dn,MERS
_,_,R,G,R,in,MERS
_,_,R,G,R,in,MERS
_,_,P,N,N,dn,MERS
_,_,T,F,P,dn,MERS
_,_,R,G,R,in,MERS
_,E,L,L,E,in,MERS
Q,S,S,S,R,in,MERS
_,_,R,A,V,dn,MERS
_,_,R,G,R,in,MERS
_,_,R,T,R,dn,MERS
_,_,G,T,G,in,MERS
_,_,G,K,V,dn,MERS
_,_,S,R,S,dn,MERS
_,D,N,N,D,in,MERS
_,_,A,A,A,dn,MERS
_,_,A,A,A,dn,MERS
_,_,Y,T,G,dn,MERS
_,_,G,N,S,dn,MERS
_,_,D,N,N,in,MERS
_,_,P,K,N,dn,MERS
_,_,G,I,G,in,MERS
R,T,R,T,R,in,MERS
_,_,A,A,P,dn,MERS
_,_,R,G,R,dn,MERS
_,_,G,D,L,dn,MERS
_,_,P,R,W,dn,MERS
_,_,R,G,R,in,MERS
_,_,L,A,P,dn,MERS
_,_,N,S,T,dn,MERS
_,_,A,P,R,dn,MERS
_,_,N,N,D,dn,MERS
_,A,S,S,A,in,MERS
R,G,R,G,R,in,MERS
_,_,P,G,P,in,MERS
_,_,N,N,D,dn,MERS
_,_,S,S,S,in,MERS
_,_,A,A,P,dn,MERS
_,_,G,T,G,in,MERS
_,_,N,P,N,dn,MERS
_,_,R,T,R,in,MERS
_,_,P,G,P,in,MERS
_,_,P,G,P,dn,MERS
_,_,V,W,V,in,MERS
_,_,A,A,A,in,MERS
_,_,L,Y,L,in,MERS
G,S,R,S,G,in,MERS
_,_,A,P,R,dn,MERS
_,_,T,P,A,in,MERS
_,_,R,G,R,dn,MERS
_,_,P,G,P,in,MERS
_,_,L,Q,L,in,MERS
_,_,S,S,S,in,MERS
_,_,G,T,G,in,MERS
_,_,G,K,V,dn,MERS
_,_,D,N,N,in,MERS
_,_,G,T,G,in,MERS
_,_,G,T,G,dn,MERS
_,_,A,A,A,dn,MERS
_,_,N,N,D,dn,MERS
_,_,S,S,S,in,MERS
_,_,G,T,G,in,MERS
_,_,S,A,S,in,MERS
_,_,G,K,V,dn,MERS
_,_,N,N,D,dn,MERS
_,_,Y,T,G,dn,MERS
_,_,P,S,T,in,MERS
_,_,P,N,N,dn,MERS
_,_,R,N,P,dn,MERS
_,_,D,N,N,in,MERS
_,_,L,Y,L,in,MERS
_,_,S,S,S,in,MERS
_,_,G,K,V,dn,MERS
_,_,P,G,P,dn,MERS
_,_,G,N,S,dn,MERS
_,_,A,A,A,in,MERS
R,T,R,T,R,in,MERS
_,_,P,K,E,dn,MERS
R,G,R,G,R,in,MERS
_,_,K,E,K,in,MERS
_,_,D,N,N,in,MERS
_,_,A,L,E,in,MERS
R,T,R,T,R,in,MERS
_,_,A,A,A,dn,MERS
_,_,P,N,N,dn,MERS
_,_,P,G,P,in,MERS
_,_,D,L,L,dn,MERS
_,_,T,F,P,dn,MERS
_,_,A,A,A,in,MERS
_,_,G,T,G,in,MERS
_,_,G,D,L,dn,MERS
_,_,G,D,L,dn,MERS
_,A,A,A,A,in,MERS
_,_,R,T,R,dn,MERS
_,_,R,T,R,in,MERS
G,S,R,S,G,in,MERS
_,_,G,T,G,in,MERS
_,_,P,G,P,in,MERS
_,P,A,A,P,in,MERS
_,E,L,L,E,in,MERS
_,_,P,K,P,in,MERS
_,_,G,T,G,in,MERS
_,_,D,N,N,in,MERS
_,_,R,A,V,dn,MERS
_,_,P,N,N,dn,MERS
_,_,P,R,A,dn,MERS
_,_,P,R,W,dn,MERS
_,_,G,T,G,in,MERS
_,_,R,G,R,in,MERS
G,S,R,S,G,in,MERS
S,S,R,S,S,in,MERS
_,_,A,A,A,dn,MERS
_,_,R,T,R,in,MERS
_,_,S,G,Q,in,MERS
_,_,S,S,R,dn,MERS
_,_,P,G,P,in,MERS
_,_,R,G,R,in,MERS
_,_,P,K,E,dn,MERS
_,_,L,A,P,dn,MERS
_,_,G,T,G,in,MERS
_,_,R,T,R,dn,MERS
_,_,T,G,L,in,MERS
_,_,Y,T,G,dn,MERS
_,_,R,G,R,in,MERS
_,_,N,Y,N,in,MERS
_,_,N,P,N,dn,MERS
_,_,N,P,N,dn,MERS
R,T,R,T,R,in,MERS
_,_,R,G,R,in,MERS
_,_,N,N,D,dn,MERS
_,_,S,P,A,in,MERS
_,_,R,G,R,dn,MERS
_,_,N,P,N,in,MERS
_,_,R,T,R,dn,MERS
_,A,A,A,A,in,MERS
_,_,P,G,P,in,MERS
_,_,S,S,S,dn,MERS
_,_,R,T,R,in,MERS
_,_,G,T,G,in,MERS
_,_,N,P,N,in,MERS
_,_,N,P,N,in,MERS
_,_,N,N,D,dn,MERS
_,_,N,P,N,in,MERS
_,_,P,G,P,in,MERS
_,_,V,P,L,dn,MERS
_,_,R,N,P,dn,MERS
_,_,N,A,N,in,MERS
_,_,R,G,R,dn,MERS
G,S,R,S,G,in,MERS
_,_,G,K,V,dn,MERS
_,P,A,A,P,in,MERS
_,_,G,K,V,dn,MERS
_,_,Y,T,G,dn,MERS
_,_,N,N,D,dn,MERS
_,_,D,N,N,in,MERS
S,P,G,P,S,in,MERS
_,_,Y,T,G,dn,MERS
_,_,P,K,N,dn,MERS
_,P,A,A,P,in,MERS
S,S,R,S,S,in,MERS
_,_,R,G,R,dn,MERS
_,_,S,S,R,dn,MERS
_,_,P,K,P,in,MERS
_,_,A,A,A,in,MERS
_,_,G,T,G,in,MERS
_,_,G,T,G,in,MERS
S,P,G,P,S,in,MERS
_,_,R,G,R,in,MERS
_,_,H,E,H,in,MERS
_,_,P,K,E,dn,MERS
_,_,T,G,T,in,MERS
_,_,P,G,P,dn,MERS
_,_,T,F,P,dn,MERS
_,_,G,T,G,in,MERS
_,_,G,D,L,dn,MERS
_,_,N,S,T,dn,MERS
_,_,N,P,N,in,MERS
K,K,E,K,K,in,MERS
_,_,Q,G,S,dn,MERS
_,_,S,S,S,dn,MERS
_,_,R,T,R,in,MERS
_,_,P,N,N,dn,MERS
_,_,S,S,S,dn,MERS
K,K,E,K,K,in,MERS
_,_,S,M,S,in,MERS
_,_,Y,T,G,dn,MERS
_,_,T,F,P,dn,MERS
_,_,A,A,A,in,MERS
_,_,P,K,N,dn,MERS
_,A,A,A,A,in,MERS
_,_,S,Q,S,in,MERS
K,K,E,K,K,in,MERS
_,_,S,T,R,in,MERS
_,_,G,D,L,dn,MERS
_,_,P,K,E,dn,MERS
_,_,R,A,V,dn,MERS
_,_,S,S,S,in,MERS
_,_,R,A,V,dn,MERS
_,_,A,A,A,dn,MERS
_,_,R,T,R,in,MERS
R,T,R,T,R,in,MERS
_,_,N,P,N,in,MERS
_,_,A,A,A,in,MERS
_,_,Y,W,R,in,MERS
_,_,R,G,R,in,MERS
_,_,S,S,S,dn,MERS
_,A,A,A,A,in,MERS
_,_,N,P,N,dn,MERS
_,_,M,G,M,in,MERS
_,_,P,N,N,dn,MERS
_,_,A,L,E,in,MERS
_,_,P,R,A,dn,MERS
_,_,P,G,P,dn,MERS
_,_,L,A,P,dn,MERS
_,_,N,P,N,in,MERS
R,T,R,T,R,in,MERS
_,_,N,P,N,dn,MERS
_,_,S,S,S,in,MERS
_,_,N,N,D,dn,MERS
_,_,R,A,V,dn,MERS
_,_,P,R,W,dn,MERS
_,_,N,P,N,in,MERS
_,_,K,Q,K,in,MERS
_,_,R,G,R,in,MERS
R,T,R,T,R,in,MERS
_,_,N,P,N,in,MERS
_,_,P,G,P,dn,MERS
_,_,P,N,N,dn,MERS
_,_,T,F,P,dn,MERS
_,_,P,G,P,dn,MERS
_,_,G,T,G,in,MERS
_,D,N,N,D,in,MERS
_,_,R,G,R,in,MERS
_,_,P,N,N,dn,MERS
_,_,G,T,G,in,MERS
_,_,N,S,T,dn,MERS
_,_,S,P,A,in,MERS
_,_,L,A,P,dn,MERS
G,S,R,S,G,in,MERS
_,_,N,P,N,in,MERS
_,_,P,G,P,in,MERS
_,_,P,G,P,in,MERS
_,P,A,A,P,in,MERS
_,_,A,A,A,in,MERS
_,_,A,P,R,dn,MERS
R,T,R,T,R,in,MERS
_,_,N,P,N,in,MERS
_,_,P,K,N,dn,MERS
_,D,N,N,D,in,MERS
_,_,Q,G,S,dn,MERS
_,_,N,N,D,dn,MERS
_,_,S,R,S,dn,MERS
_,_,R,T,R,in,MERS
_,_,G,T,G,dn,MERS
_,_,N,P,N,in,MERS
_,_,G,T,G,in,MERS
_,_,G,T,G,in,MERS
R,T,R,T,R,in,MERS
S,S,R,S,S,in,MERS
_,_,S,A,S,in,MERS
_,_,P,G,P,dn,MERS
_,_,Q,G,S,dn,MERS
_,_,G,D,L,dn,MERS
S,S,R,S,S,in,MERS
_,_,Q,G,S,dn,MERS
_,_,A,A,A,in,MERS
_,_,G,D,L,dn,MERS
_,_,D,N,N,in,MERS
_,_,P,R,W,dn,MERS
K,K,E,K,K,in,MERS
_,_,A,L,E,in,MERS
_,_,T,F,P,dn,MERS
_,_,P,G,P,dn,MERS
Q,S,S,S,R,in,MERS
_,_,P,A,A,in,MERS
_,_,A,A,P,dn,MERS
_,_,N,N,D,dn,MERS
_,_,P,N,N,dn,MERS
_,_,A,A,A,in,MERS
_,_,P,G,P,in,MERS
_,_,L,A,P,dn,MERS
_,_,R,A,V,dn,MERS
_,_,R,T,R,in,MERS
_,_,G,D,L,dn,MERS
_,_,G,T,G,in,MERS
_,D,N,N,D,in,MERS
_,_,G,D,L,dn,MERS
R,G,R,G,R,in,MERS
K,K,E,K,K,in,MERS
K,K,E,K,K,in,MERS
_,_,P,G,P,in,MERS
_,_,G,P,G,in,MERS
S,P,G,P,S,in,MERS
_,_,R,A,V,dn,MERS
_,_,L,A,P,dn,MERS
K,K,E,K,K,in,MERS
_,_,R,T,R,in,MERS
_,_,R,A,V,dn,MERS
_,_,N,P,N,in,MERS
_,_,A,A,P,dn,MERS
_,_,R,G,R,in,MERS
S,S,R,S,S,in,MERS
_,_,R,G,R,in,MERS
_,_,T,P,A,in,MERS
_,_,N,N,D,dn,MERS
_,_,S,S,S,in,MERS
_,A,A,A,A,in,MERS
R,T,R,T,R,in,MERS
_,_,R,T,R,in,MERS
_,_,N,N,D,dn,MERS
_,_,N,P,N,in,MERS
_,_,R,T,R,in,MERS
_,_,A,P,G,in,MERS
_,_,P,G,P,in,MERS
Q,S,S,S,R,in,MERS
_,_,A,A,A,dn,MERS
_,_,N,N,D,dn,MERS
_,_,A,P,R,dn,MERS
_,_,K,N,K,in,MERS
_,_,D,L,L,dn,MERS
_,_,G,K,V,dn,MERS
_,_,G,N,S,dn,MERS
K,K,E,K,K,in,MERS
_,_,S,S,S,in,MERS
_,_,P,N,N,dn,MERS
_,_,N,P,N,dn,MERS
_,_,N,P,N,in,MERS
_,_,R,T,R,in,MERS
_,D,N,N,D,in,MERS
_,_,S,S,R,dn,MERS
_,_,S,S,S,in,MERS
_,_,P,K,P,in,MERS
_,_,R,A,V,dn,MERS
_,_,R,A,V,dn,MERS
R,G,R,G,R,in,MERS
_,_,R,A,V,dn,MERS
_,_,P,G,P,in,MERS
_,_,P,G,P,in,MERS
_,_,P,R,A,dn,MERS
_,_,R,N,P,dn,MERS
_,_,L,E,L,in,MERS
_,_,G,T,G,in,MERS
_,_,S,S,S,dn,MERS
_,_,N,S,T,dn,MERS
_,_,A,A,A,in,MERS
_,_,T,F,P,dn,MERS
_,_,R,T,R,in,MERS
_,_,T,G,T,in,MERS
_,_,T,N,T,in,MERS
_,_,N,N,D,dn,MERS
_,_,N,N,D,dn,MERS
_,_,P,R,W,dn,MERS
_,_,K,N,K,in,MERS
_,_,D,N,N,in,MERS
_,_,G,T,G,in,MERS
R,T,R,T,R,in,MERS
S,P,G,P,S,in,MERS
_,_,N,N,D,dn,MERS
_,_,A,L,E,in,MERS
_,_,L,E,L,in,MERS
_,_,A,S,A,in,MERS
_,_,R,T,R,in,MERS
_,_,A,P,R,dn,MERS
G,S,R,S,G,in,MERS
_,_,A,A,A,in,MERS
_,_,P,N,N,dn,MERS
_,_,G,K,V,dn,MERS
_,_,N,N,D,dn,MERS
K,K,E,K,K,in,MERS
G,S,R,S,G,in,MERS
_,_,P,N,N,dn,MERS
_,_,R,T,R,in,MERS
_,_,S,A,S,in,MERS
_,_,P,G,P,in,MERS
_,_,K,Q,K,in,MERS
_,_,L,Q,L,in,MERS
_,_,S,S,S,dn,MERS
_,_,A,P,R,dn,MERS
_,_,D,L,L,dn,MERS
_,_,R,A,V,dn,MERS
_,_,V,P,L,dn,MERS
_,_,N,P,N,in,MERS
_,_,R,N,P,dn,MERS
_,_,T,G,P,in,MERS
_,_,R,A,V,dn,MERS
_,_,N,N,D,dn,MERS
_,_,G,T,G,dn,MERS
_,_,A,A,A,in,MERS
S,S,R,S,S,in,MERS
_,A,A,A,A,in,MERS
R,G,R,G,R,in,MERS
Q,S,S,S,R,in,MERS
_,_,G,T,G,in,MERS
_,_,R,N,P,dn,MERS
_,_,S,S,S,in,MERS
Q,S,S,S,R,in,MERS
_,_,R,N,P,dn,MERS
_,_,N,N,D,dn,MERS
_,_,N,P,N,in,MERS
_,_,R,G,R,dn,MERS
_,_,P,R,A,dn,MERS
_,_,R,T,R,dn,MERS
_,_,R,T,R,in,MERS
_,_,R,G,R,in,MERS
_,_,V,P,L,dn,MERS
G,S,R,S,G,in,MERS
_,_,N,P,N,in,MERS
_,_,R,T,R,in,MERS
_,_,P,N,N,dn,MERS
_,_,P,N,N,dn,MERS
_,_,A,A,V,dn,MERS
_,_,P,G,P,dn,MERS
_,_,P,K,N,dn,MERS
_,_,N,P,N,in,MERS
_,_,P,R,W,dn,MERS
_,A,A,A,A,in,MERS
_,D,N,N,D,in,MERS
_,_,G,D,L,dn,MERS
_,_,N,N,D,dn,MERS
_,_,D,L,L,dn,MERS
_,P,A,A,P,in,MERS
_,_,A,A,A,in,MERS
_,_,L,A,P,dn,MERS
_,_,S,S,S,dn,MERS
_,_,P,G,P,dn,MERS
R,G,R,G,R,in,MERS
_,_,D,L,L,dn,MERS
R,G,R,G,R,in,MERS
S,S,R,S,S,in,MERS
_,_,P,K,N,dn,MERS
_,D,N,N,D,in,MERS
_,_,N,N,D,dn,MERS
_,_,G,Q,G,in,MERS
K,K,E,K,K,in,MERS
_,_,L,A,P,dn,MERS
_,_,G,T,G,in,MERS
_,_,V,P,L,dn,MERS
_,_,R,I,R,in,MERS
_,_,A,A,A,in,MERS
_,_,N,N,D,dn,MERS
_,_,S,S,R,dn,MERS
_,_,R,G,R,dn,MERS
_,_,S,S,S,in,MERS
_,_,P,G,P,in,MERS
_,_,L,A,P,dn,MERS
_,_,P,G,P,in,MERS
_,_,R,T,R,dn,MERS
_,_,S,S,S,dn,MERS
_,_,S,R,S,in,MERS
_,_,T,P,A,in,MERS
_,_,S,Q,S,in,MERS
_,_,D,N,N,in,MERS
_,_,S,S,S,in,MERS
_,_,R,T,R,dn,MERS
_,_,D,N,N,in,MERS
_,_,S,S,R,dn,MERS
_,_,G,K,V,dn,MERS
_,_,S,S,S,in,MERS
_,_,N,P,N,in,MERS
_,_,N,N,D,dn,MERS
_,_,A,P,R,dn,MERS
_,_,G,D,L,dn,MERS
_,E,L,L,E,in,MERS
_,_,L,E,L,in,MERS
_,A,S,S,A,in,MERS
_,_,R,G,R,in,MERS
_,_,A,A,A,in,MERS
_,_,A,A,A,in,MERS
_,_,N,S,T,dn,MERS
_,_,N,N,D,dn,MERS
S,P,G,P,S,in,MERS
_,_,S,S,S,dn,MERS
_,_,R,N,P,dn,MERS
_,_,R,G,R,dn,MERS
_,_,A,A,A,dn,MERS
_,_,R,G,R,in,MERS
_,_,D,N,N,in,MERS
_,_,T,G,T,in,MERS
_,_,R,N,P,dn,MERS
_,_,N,N,D,dn,MERS
_,_,R,G,R,dn,MERS
_,_,N,S,T,dn,MERS
_,_,P,R,A,dn,MERS
_,D,N,N,D,in,MERS
_,E,L,L,E,in,MERS
_,_,T,F,P,dn,MERS
_,_,S,S,S,in,MERS
_,_,L,A,P,dn,MERS
Q,S,S,S,R,in,MERS
_,_,R,G,R,dn,MERS
_,_,N,N,D,dn,MERS
_,_,G,T,G,dn,MERS
_,_,G,N,S,dn,MERS
_,A,A,A,A,in,MERS
_,_,N,A,N,in,MERS
_,_,R,G,R,dn,MERS
S,S,R,S,S,in,MERS
_,_,A,P,R,dn,MERS
_,_,P,G,P,in,MERS
_,_,R,A,V,dn,MERS
_,_,P,G,P,dn,MERS
_,_,R,T,R,in,MERS
_,_,G,D,L,dn,MERS
K,K,E,K,K,in,MERS
_,_,P,N,N,dn,MERS
_,_,D,N,N,in,MERS
Q,S,S,S,R,in,MERS
Q,S,S,S,R,in,MERS
_,_,R,N,P,dn,MERS
_,_,L,Q,L,in,MERS
_,_,G,D,L,dn,MERS
_,_,S,Q,S,in,MERS
_,_,P,N,N,dn,MERS
_,_,R,A,R,in,MERS
_,D,N,N,D,in,MERS
_,_,G,K,V,dn,MERS
_,_,M,G,M,in,MERS
_,_,N,S,T,dn,MERS
_,_,L,A,P,dn,MERS
_,_,A,A,A,dn,MERS
_,_,R,T,R,dn,MERS
_,_,G,T,G,dn,MERS
_,_,Y,T,G,dn,MERS
_,_,G,T,G,in,MERS
R,G,R,G,R,in,MERS
_,_,R,N,P,dn,MERS
_,_,G,K,V,dn,MERS
_,_,L,A,P,dn,MERS
_,_,P,G,P,in,MERS
Q,S,S,S,R,in,MERS
_,_,N,N,D,dn,MERS
_,_,G,T,G,in,MERS
_,_,N,P,N,dn,MERS
_,P,A,A,P,in,MERS
_,_,T,F,P,dn,MERS
R,T,R,T,R,in,MERS
_,_,R,A,V,dn,MERS
_,_,G,I,G,in,MERS
_,_,S,S,R,dn,MERS
_,_,G,K,V,dn,MERS
_,_,S,S,S,dn,MERS
_,_,P,R,W,dn,MERS
_,_,N,P,N,in,MERS
_,_,N,P,N,in,MERS
_,_,S,Q,S,in,MERS
_,_,M,G,M,in,MERS
_,_,N,P,N,in,MERS
_,_,G,D,L,dn,MERS
_,_,A,P,R,dn,MERS
K,K,E,K,K,in,MERS
_,_,R,T,R,dn,MERS
_,_,T,N,T,in,MERS
_,_,A,A,A,in,MERS
_,_,G,K,V,dn,MERS
_,_,A,A,A,in,MERS
_,_,N,S,T,dn,MERS
R,G,R,G,R,in,MERS
_,_,V,P,L,dn,MERS
_,_,R,G,R,in,MERS
_,_,R,N,P,dn,MERS
_,_,R,T,R,in,MERS
_,_,V,P,L,dn,MERS
_,_,T,K,L,dn,MERS
_,A,A,A,A,in,MERS
_,_,Q,G,S,dn,MERS
_,_,V,P,L,dn,MERS
_,_,S,S,R,dn,SARS1
_,_,N,P,N,in,SARS1
_,_,T,A,T,in,SARS1
_,_,Q,G,T,dn,SARS1
_,_,G,Q,G,in,SARS1
_,_,T,V,T,dn,SARS1
_,_,S,M,S,in,SARS1
_,_,A,S,A,in,SARS1
_,_,D,M,D,in,SARS1
_,_,L,P,Q,in,SARS1
_,_,T,Q,A,dn,SARS1
_,A,T,E,G,in,SARS1
_,_,G,K,G,in,SARS1
_,_,R,Q,K,dn,SARS1
_,_,L,Q,L,in,SARS1
_,_,K,M,K,in,SARS1
Q,P,L,P,Q,in,SARS1
_,_,G,D,G,in,SARS1
_,_,Q,T,Q,in,SARS1
_,_,E,A,S,dn,SARS1
_,_,K,Q,R,in,SARS1
S,S,S,R,S,in,SARS1
_,_,D,M,D,in,SARS1
_,_,G,G,R,in,SARS1
_,_,T,V,T,in,SARS1
_,_,Q,R,Q,in,SARS1
_,_,G,P,E,dn,SARS1
_,_,D,S,T,dn,SARS1
_,_,V,W,V,in,SARS1
_,_,S,M,S,in,SARS1
_,_,Y,F,Y,in,SARS1
_,_,N,Q,L,in,SARS1
_,_,T,V,T,in,SARS1
_,K,K,K,K,in,SARS1
_,_,G,G,G,in,SARS1
_,_,K,K,P,in,SARS1
_,_,T,A,T,in,SARS1
_,_,Q,R,S,in,SARS1
_,_,T,V,T,in,SARS1
_,_,G,G,G,in,SARS1
_,_,K,K,P,in,SARS1
Q,P,L,P,Q,in,SARS1
_,_,S,R,G,dn,SARS1
_,_,D,K,D,in,SARS1
Q,Q,Q,Q,G,in,SARS1
_,L,L,L,L,in,SARS1
_,_,S,G,P,in,SARS1
_,_,P,Q,G,dn,SARS1
_,_,G,Q,G,in,SARS1
_,_,Y,F,Y,in,SARS1
_,_,T,Q,A,dn,SARS1
_,_,N,N,N,in,SARS1
_,_,L,L,L,in,SARS1
_,_,L,L,L,dn,SARS1
_,_,Q,G,Q,in,SARS1
_,_,T,K,K,in,SARS1
_,_,N,P,N,in,SARS1
_,_,Q,T,Q,in,SARS1
_,_,G,P,E,dn,SARS1
_,_,S,S,R,dn,SARS1
_,_,Q,G,T,dn,SARS1
_,Q,K,K,Q,in,SARS1
_,A,T,E,G,in,SARS1
_,_,R,P,K,in,SARS1
_,_,A,S,A,in,SARS1
_,_,Q,R,S,in,SARS1
_,_,Q,G,Q,in,SARS1
_,_,R,S,S,in,SARS1
_,_,T,V,T,in,SARS1
_,_,G,G,G,in,SARS1
_,_,R,V,R,in,SARS1
_,_,D,Q,D,in,SARS1
_,_,Q,T,V,in,SARS1
_,_,R,G,G,dn,SARS1
Q,Q,Q,Q,G,in,SARS1
_,_,G,G,R,in,SARS1
_,L,L,L,L,in,SARS1
_,_,Q,Q,Q,dn,SARS1
_,L,L,L,L,in,SARS1
_,_,S,S,R,dn,SARS1
_,_,S,R,G,dn,SARS1
_,_,S,S,R,dn,SARS1
_,_,Q,T,V,in,SARS1
_,_,Q,T,Q,in,SARS1
_,_,S,S,R,dn,SARS1
_,_,A,S,A,dn,SARS1
_,_,K,K,K,in,SARS1
_,_,K,K,K,in,SARS1
_,_,T,A,T,in,SARS1
_,_,G,G,G,in,SARS1
_,_,Y,F,Y,in,SARS1
_,_,L,P,Q,dn,SARS1
_,_,Q,G,Q,in,SARS1
_,K,K,S,A,in,SARS1
_,_,Q,R,S,in,SARS1
_,_,Y,F,Y,in,SARS1
_,A,T,E,G,in,SARS1
Q,Q,Q,Q,G,in,SARS1
_,_,Q,Q,Q,in,SARS1
_,_,N,Q,N,in,SARS1
_,_,S,R,S,in,SARS1
_,_,Q,R,Q,in,SARS1
_,K,K,S,A,in,SARS1
_,_,K,K,K,dn,SARS1
_,_,S,R,G,dn,SARS1
K,K,D,K,K,in,SARS1
S,S,S,R,S,in,SARS1
_,_,L,P,Q,in,SARS1
_,_,S,A,S,in,SARS1
_,_,T,V,T,in,SARS1
_,_,R,Q,K,dn,SARS1
_,_,Q,Q,Q,dn,SARS1
_,_,A,S,A,dn,SARS1
_,_,G,G,S,in,SARS1
_,_,K,Q,R,in,SARS1
Q,P,L,P,Q,in,SARS1
_,_,K,Q,R,in,SARS1
S,S,R,S,S,in,SARS1
_,_,N,Q,L,in,SARS1
_,_,T,V,T,in,SARS1
_,_,L,L,L,dn,SARS1
_,_,A,S,A,in,SARS1
_,_,L,P,Q,in,SARS1
_,_,T,V,T,in,SARS1
_,_,N,Q,L,in,SARS1
_,_,R,G,G,dn,SARS1
_,_,L,Q,L,in,SARS1
_,_,N,N,N,in,SARS1
_,L,L,L,L,in,SARS1
_,_,G,Q,G,in,SARS1
Q,P,L,P,Q,in,SARS1
_,_,K,K,P,in,SARS1
_,_,S,P,A,in,SARS1
_,_,T,A,L,dn,SARS1
_,A,T,E,G,in,SARS1
_,_,K,K,P,in,SARS1
_,_,P,Q,G,dn,SARS1
_,_,Y,F,Y,in,SARS1
_,_,R,Q,K,dn,SARS1
_,_,A,E,A,in,SARS1
_,_,D,M,D,in,SARS1
_,_,Q,Q,Q,dn,SARS1
_,_,D,S,T,dn,SARS1
_,_,R,S,S,in,SARS1
_,_,Q,Q,Q,in,SARS1
_,_,K,K,K,in,SARS1
_,_,R,Q,K,dn,SARS1
_,_,R,Q,K,dn,SARS1
_,_,P,Q,G,dn,SARS1
_,_,G,G,R,in,SARS1
_,_,G,P,T,in,SARS1
_,_,T,V,T,in,SARS1
_,_,Q,T,Q,in,SARS1
_,_,Q,R,S,in,SARS1
_,_,L,P,Q,in,SARS1
_,_,P,N,N,dn,SARS1
_,_,K,K,K,in,SARS1
_,_,T,V,T,in,SARS1
S,R,G,N,S,dn,SARS1
_,_,G,Q,G,in,SARS1
_,_,D,S,T,dn,SARS1
_,_,K,Q,R,in,SARS1
_,_,Q,G,Q,in,SARS1
_,_,E,A,S,dn,SARS1
_,_,R,V,R,in,SARS1
_,G,R,R,G,in,SARS1
_,_,L,Q,L,in,SARS1
_,_,V,W,V,in,SARS1
_,_,R,P,K,in,SARS1
_,_,Q,L,Q,in,SARS1
_,_,S,R,S,in,SARS1
_,_,Q,Q,Q,in,SARS1
_,_,G,G,R,in,SARS1
_,_,S,M,S,in,SARS1
_,_,D,M,D,in,SARS1
_,_,G,K,G,in,SARS1
_,_,R,P,K,in,SARS1
_,K,K,S,A,in,SARS1
_,_,Q,Q,Q,in,SARS1
Q,Q,Q,Q,G,in,SARS1
_,_,Q,R,Q,in,SARS1
K,K,D,K,K,in,SARS1
_,_,R,S,S,in,SARS1
_,_,K,K,K,in,SARS1
_,_,K,M,K,in,SARS1
S,R,G,N,S,dn,SARS1
K,K,D,K,K,in,SARS1
_,_,T,V,T,dn,SARS1
_,_,A,S,A,in,SARS1
_,_,A,E,A,in,SARS1
_,_,A,S,A,in,SARS1
_,_,Q,T,Q,in,SARS1
_,_,R,V,R,in,SARS1
_,_,A,E,A,in,SARS1
_,_,A,S,A,in,SARS1
_,_,D,Q,D,in,SARS1
_,_,Q,G,Q,in,SARS1
_,_,G,P,E,dn,SARS1
Q,P,L,P,Q,in,SARS1
_,_,G,G,R,in,SARS1
_,_,G,P,E,dn,SARS1
_,_,S,M,S,in,SARS1
_,_,K,K,K,dn,SARS1
_,_,A,S,A,in,SARS1
_,_,G,T,G,in,SARS1
_,_,G,Q,T,in,SARS1
_,_,G,T,G,in,SARS1
_,_,N,T,N,in,SARS1
_,_,T,A,T,in,SARS1
_,_,T,K,K,in,SARS1
_,_,R,V,R,in,SARS1
_,G,R,R,G,in,SARS1
_,_,T,V,T,dn,SARS1
_,_,V,T,P,in,SARS1
S,R,G,N,S,dn,SARS1
_,_,S,R,S,in,SARS1
_,_,R,Q,K,dn,SARS1
_,_,S,N,Q,in,SARS1
_,_,T,V,T,in,SARS1
_,_,Q,Q,Q,in,SARS1
_,_,Q,G,T,dn,SARS1
_,_,S,M,S,in,SARS1
_,_,T,A,T,in,SARS1
_,_,N,T,N,in,SARS1
_,_,S,A,S,in,SARS1
_,_,T,V,T,in,SARS1
_,_,K,K,K,in,SARS1
_,_,S,R,G,dn,SARS1
_,_,T,A,T,in,SARS1
_,_,Q,T,Q,in,SARS1
_,_,S,G,P,in,SARS1
_,_,L,L,L,in,SARS1
_,_,D,K,D,in,SARS1
_,Q,K,K,Q,in,SARS1
_,_,K,Q,R,in,SARS1
_,_,A,S,A,in,SARS1
_,_,A,S,A,in,SARS1
_,_,A,E,A,in,SARS1
S,R,G,N,S,dn,SARS1
_,_,T,Q,A,dn,SARS1
_,_,Q,R,Q,in,SARS1
_,_,Q,L,Q,in,SARS1
_,_,S,A,S,in,SARS1
_,_,R,S,R,in,SARS1
_,_,R,G,G,dn,SARS1
_,_,T,V,T,in,SARS1
_,_,Y,F,Y,in,SARS1
_,_,K,K,K,in,SARS1
_,_,N,Q,N,in,SARS1
_,_,T,Q,A,dn,SARS1
_,_,D,S,T,dn,SARS1
_,_,G,G,G,in,SARS1
_,_,Q,R,Q,in,SARS1
_,_,Q,Q,Q,dn,SARS1
_,_,S,S,R,dn,SARS1
_,_,E,A,S,dn,SARS1
_,_,L,P,Q,dn,SARS1
_,_,G,G,S,in,SARS1
_,_,S,A,S,in,SARS1
_,_,K,K,K,in,SARS1
_,_,G,T,G,in,SARS1
_,_,L,P,Q,dn,SARS1
_,_,L,A,L,in,SARS1
_,_,T,V,T,in,SARS1
_,_,G,G,R,in,SARS1
_,_,S,P,A,in,SARS1
_,Q,K,K,Q,in,SARS1
_,_,A,L,A,in,SARS1
_,_,A,L,A,in,SARS1
_,_,P,N,N,dn,SARS1
_,K,K,S,A,in,SARS1
_,_,A,S,A,in,SARS1
_,_,Q,Q,Q,dn,SARS1
_,_,Q,Q,Q,dn,SARS1
_,_,K,Q,R,in,SARS1
_,_,L,Q,L,in,SARS1
_,_,N,Q,N,in,SARS1
_,_,N,Q,N,in,SARS1
_,_,S,S,R,dn,SARS1
_,_,S,N,Q,in,SARS1
_,_,N,N,N,in,SARS1
_,_,R,Q,K,dn,SARS1
_,_,Q,R,Q,in,SARS1
Q,P,L,P,Q,in,SARS1
_,_,K,K,K,in,SARS1
_,_,A,E,A,in,SARS1
_,L,L,L,L,in,SARS1
_,_,L,L,L,dn,SARS1
_,_,G,G,S,in,SARS1
_,K,K,K,K,in,SARS1
_,_,V,W,V,in,SARS1
_,_,L,P,Q,in,SARS1
S,S,S,R,S,in,SARS1
_,_,L,L,L,in,SARS1
_,_,G,Q,T,in,SARS1
_,_,L,P,Q,dn,SARS1
_,_,V,W,V,in,SARS1
_,_,L,A,L,in,SARS1
_,_,S,R,G,dn,SARS1
_,_,S,N,Q,in,SARS1
_,_,P,Q,G,dn,SARS1
_,_,K,Q,R,in,SARS1
_,_,K,M,K,in,SARS1
_,_,L,A,L,in,SARS1
_,_,A,S,A,in,SARS1
_,_,G,G,R,in,SARS1
_,_,G,P,T,in,SARS1
_,_,S,G,P,in,SARS1
_,_,Q,T,V,in,SARS1
_,_,V,T,P,in,SARS1
_,_,N,Q,L,in,SARS1
_,_,D,K,D,in,SARS1
_,_,T,V,T,in,SARS1
S,S,R,S,S,in,SARS1
_,_,P,N,N,dn,SARS1
_,_,Q,T,Q,in,SARS1
_,_,G,G,S,in,SARS1
Q,P,L,P,Q,in,SARS1
_,_,G,P,T,in,SARS1
_,_,G,T,G,in,SARS1
_,G,R,R,G,in,SARS1
_,_,G,G,R,in,SARS1
_,_,L,L,L,in,SARS1
_,_,N,P,N,in,SARS1
_,_,K,K,K,dn,SARS1
_,_,N,Q,L,in,SARS1
_,_,Q,Q,Q,in,SARS1
_,_,G,Q,T,in,SARS1
_,_,K,K,K,dn,SARS1
_,_,A,S,A,in,SARS1
_,_,Q,T,V,in,SARS1
_,_,N,T,N,in,SARS1
_,_,Q,Q,Q,in,SARS1
_,_,T,V,T,in,SARS1
_,_,G,G,R,in,SARS1
_,_,G,Q,G,in,SARS1
_,G,R,R,G,in,SARS1
_,_,G,G,R,in,SARS1
_,_,T,A,L,dn,SARS1
_,_,Y,F,Y,in,SARS1
_,_,D,M,D,in,SARS1
_,_,G,G,G,in,SARS1
_,_,S,A,S,in,SARS1
_,_,Q,R,Q,in,SARS1
_,_,A,S,A,dn,SARS1
_,_,T,V,T,dn,SARS1
_,_,D,S,T,dn,SARS1
_,_,S,G,P,in,SARS1
_,_,K,Q,R,in,SARS1
_,_,A,S,A,in,SARS1
_,Q,K,K,Q,in,SARS1
_,_,A,S,A,in,SARS1
_,_,A,T,R,in,SARS1
_,_,V,T,P,in,SARS1
_,_,T,V,T,in,SARS1
_,K,K,K,K,in,SARS1
_,_,P,N,N,dn,SARS1
_,_,Q,G,Q,in,SARS1
_,_,E,A,S,dn,SARS1
_,_,D,S,T,dn,SARS1
_,_,K,M,K,in,SARS1
_,_,E,A,S,dn,SARS1
_,_,S,R,S,in,SARS1
_,_,L,P,Q,dn,SARS1
_,_,P,Q,G,dn,SARS1
_,_,R,G,G,dn,SARS1
_,_,K,Q,R,in,SARS1
_,_,R,P,K,in,SARS1
_,_,A,S,A,dn,SARS1
_,_,L,L,L,in,SARS1
_,_,G,G,R,in,SARS1
_,_,S,A,S,in,SARS1
_,_,D,Q,D,in,SARS1
_,_,D,M,D,in,SARS1
Q,Q,Q,Q,G,in,SARS1
_,_,R,G,G,dn,SARS1
_,_,L,L,L,in,SARS1
_,_,Q,Q,Q,dn,SARS1
_,_,G,K,G,in,SARS1
_,_,L,A,L,in,SARS1
_,_,T,K,K,in,SARS1
K,K,D,K,K,in,SARS1
K,K,D,K,K,in,SARS1
_,_,S,G,P,in,SARS1
_,_,Q,T,Q,in,SARS1
_,_,G,Q,T,in,SARS1
_,_,L,Q,L,in,SARS1
_,_,N,P,N,in,SARS1
_,_,D,Q,D,in,SARS1
_,_,G,D,G,in,SARS1
_,_,A,L,A,in,SARS1
_,_,Q,Q,Q,dn,SARS1
_,_,G,P,E,dn,SARS1
_,_,D,K,D,in,SARS1
K,K,D,K,K,in,SARS1
_,_,S,R,G,dn,SARS1
_,_,R,S,S,in,SARS1
_,_,G,D,G,in,SARS1
_,_,T,K,K,in,SARS1
_,_,A,E,A,in,SARS1
_,_,G,G,R,in,SARS1
_,_,K,K,K,dn,SARS1
_,_,K,K,K,in,SARS1
_,_,S,P,A,in,SARS1
_,K,K,K,K,in,SARS1
_,A,T,E,G,in,SARS1
_,_,N,Q,N,in,SARS1
S,S,S,R,S,in,SARS1
_,_,K,M,K,in,SARS1
_,_,S,P,A,in,SARS1
_,_,D,Q,D,in,SARS1
_,_,V,W,V,in,SARS1
_,_,D,Q,D,in,SARS1
_,_,T,V,T,dn,SARS1
_,_,V,W,V,in,SARS1
_,_,L,L,L,in,SARS1
_,_,T,A,L,dn,SARS1
_,K,K,K,K,in,SARS1
_,_,L,Q,L,in,SARS1
_,_,Q,R,S,in,SARS1
S,S,R,S,S,in,SARS1
_,_,R,P,K,in,SARS1
_,_,S,R,G,dn,SARS1
_,_,L,A,L,in,SARS1
_,_,T,V,T,in,SARS1
_,_,K,Q,R,in,SARS1
_,_,L,L,L,in,SARS1
_,_,K,M,K,in,SARS1
_,_,L,A,L,in,SARS1
_,_,R,S,S,in,SARS1
_,_,L,P,Q,in,SARS1
_,_,S,S,R,dn,SARS1
_,K,K,K,K,in,SARS1
_,_,L,P,Q,dn,SARS1
_,_,S,R,G,dn,SARS1
_,K,K,S,A,in,SARS1
_,_,T,V,T,in,SARS1
_,_,D,Q,D,in,SARS1
_,_,N,Q,L,in,SARS1
_,_,N,N,N,in,SARS1
_,_,G,K,G,in,SARS1
_,_,L,L,L,in,SARS1
_,_,G,P,T,in,SARS1
_,_,A,S,A,dn,SARS1
_,_,Q,L,Q,in,SARS1
_,G,R,R,G,in,SARS1
_,K,K,K,K,in,SARS1
_,_,G,G,S,in,SARS1
_,_,S,S,R,dn,SARS1
_,_,D,S,T,dn,SARS1
_,_,Y,F,Y,in,SARS1
_,_,L,L,L,dn,SARS1
_,_,R,S,R,in,SARS1
_,_,E,A,S,dn,SARS1
_,_,Q,Q,Q,in,SARS1
_,_,S,G,P,in,SARS1
_,_,S,R,G,dn,SARS1
_,_,Q,R,S,in,SARS1
_,_,N,Q,L,in,SARS1
_,_,G,G,S,in,SARS1
_,_,G,P,E,dn,SARS1
_,_,P,N,N,dn,SARS1
_,_,R,P,K,in,SARS1
_,_,S,P,A,in,SARS1
_,_,T,K,K,in,SARS1
_,_,S,R,G,dn,SARS1
_,_,T,A,L,dn,SARS1
_,_,A,S,A,dn,SARS1
_,_,G,Q,G,in,SARS1
_,_,A,S,A,in,SARS1
_,_,S,S,R,dn,SARS1
_,_,V,T,P,in,SARS1
_,_,L,L,L,dn,SARS1
_,_,G,G,R,in,SARS1
_,_,G,Q,G,in,SARS1
_,_,K,Q,R,in,SARS1
_,_,Q,Q,Q,in,SARS1
_,_,L,L,L,dn,SARS1
_,_,Q,L,Q,in,SARS1
_,_,T,Q,A,dn,SARS1
_,_,G,K,G,in,SARS1
_,_,R,Q,K,dn,SARS1
_,_,A,L,A,in,SARS1
_,_,A,S,A,in,SARS1
_,_,R,V,R,in,SARS1
_,_,T,V,T,dn,SARS1
_,G,R,R,G,in,SARS1
_,_,L,L,L,in,SARS1
_,_,G,D,G,in,SARS1
_,_,K,K,K,in,SARS1
K,K,D,K,K,in,SARS1
_,_,T,V,T,in,SARS1
_,_,L,Q,L,in,SARS1
_,_,S,M,S,in,SARS1
_,_,Q,Q,Q,dn,SARS1
_,_,K,Q,R,in,SARS1
_,_,L,L,L,in,SARS1
_,_,R,Q,K,dn,SARS1
_,_,T,A,L,dn,SARS1
_,_,T,Q,A,dn,SARS1
_,_,P,Q,G,dn,SARS1
_,_,Q,G,T,dn,SARS1
_,_,S,S,R,dn,SARS1
_,K,K,S,A,in,SARS1
_,_,Q,R,Q,in,SARS1
K,K,D,K,K,in,SARS1
_,_,Q,Q,Q,in,SARS1
S,R,G,N,S,dn,SARS1
_,_,R,G,G,dn,SARS1
_,_,N,P,N,in,SARS1
_,_,L,L,L,in,SARS1
_,_,A,T,R,in,SARS1
_,_,N,T,N,in,SARS1
_,_,D,Q,D,in,SARS1
_,_,T,Q,A,dn,SARS1
_,_,N,T,N,in,SARS1
_,_,S,S,R,dn,SARS1
_,_,R,S,R,in,SARS1
_,_,T,A,L,dn,SARS1
_,_,T,V,T,in,SARS1
_,_,V,W,V,in,SARS1
_,_,T,Q,A,dn,SARS1
_,_,G,G,S,in,SARS1
_,_,L,A,L,in,SARS1
_,_,V,T,P,in,SARS1
_,_,G,G,R,in,SARS1
_,_,Q,G,T,dn,SARS1
_,_,G,K,G,in,SARS1
Q,Q,Q,Q,G,in,SARS1
_,A,T,E,G,in,SARS1
_,_,S,N,Q,in,SARS1
_,_,G,D,G,in,SARS1
_,_,G,P,T,in,SARS1
_,_,Q,G,Q,in,SARS1
_,_,G,P,E,dn,SARS1
_,_,N,N,N,in,SARS1
_,_,A,T,R,in,SARS1
_,_,G,P,E,dn,SARS1
_,_,Q,L,Q,in,SARS1
_,_,S,R,G,dn,SARS1
_,_,G,K,G,in,SARS1
_,_,R,G,G,dn,SARS1
_,_,Q,T,V,in,SARS1
_,_,A,S,A,in,SARS1
Q,P,L,P,Q,in,SARS1
_,_,S,M,S,in,SARS1
_,_,D,M,D,in,SARS1
_,_,S,A,S,in,SARS1
_,_,Q,Q,Q,in,SARS1
_,_,N,P,N,in,SARS1
_,_,D,M,D,in,SARS1
S,S,R,S,S,in,SARS1
_,_,Q,Q,Q,in,SARS1
_,_,G,G,R,in,SARS1
S,S,S,R,S,in,SARS1
_,_,S,M,S,in,SARS1
_,_,T,V,T,in,SARS1
_,_,Q,L,Q,in,SARS1
_,_,N,P,N,in,SARS1
_,K,K,S,A,in,SARS1
_,_,Q,Q,Q,in,SARS1
_,_,S,M,S,in,SARS1
_,_,K,Q,R,in,SARS1
_,_,K,Q,R,in,SARS1
_,_,S,R,G,dn,SARS1
S,R,G,N,S,dn,SARS1
_,A,T,E,G,in,SARS1
_,_,G,T,G,in,SARS1
_,_,T,A,L,dn,SARS1
_,_,T,A,T,in,SARS1
_,_,N,T,N,in,SARS1
_,_,T,V,T,in,SARS1
_,_,S,P,A,in,SARS1
_,_,L,L,L,in,SARS1
_,_,N,Q,L,in,SARS1
_,_,G,D,G,in,SARS1
_,_,K,K,K,in,SARS1
_,_,A,S,A,in,SARS1
_,_,R,S,S,in,SARS1
_,_,S,N,Q,in,SARS1
_,_,R,S,S,in,SARS1
_,_,D,K,D,in,SARS1
_,K,K,K,K,in,SARS1
_,Q,K,K,Q,in,SARS1
_,_,G,G,G,in,SARS1
_,_,T,V,T,dn,SARS1
