p1,p2,p3,p4,p5,p6,repeat_type,virus_name
_,_,_,N,F,N,in,BAT_SARS
_,_,_,T,A,V,dn,BAT_SARS
_,_,_,V,V,N,dn,BAT_SARS
_,_,_,L,T,Q,dn,BAT_SARS
_,_,_,I,L,D,in,BAT_SARS
_,_,_,N,I,T,dn,BAT_SARS
_,_,_,L,D,K,dn,BAT_SARS
_,_,_,G,A,G,in,BAT_SARS
_,_,_,Q,S,A,dn,BAT_SARS
_,_,G,V,Y,Y,in,BAT_SARS
_,_,_,G,A,G,dn,BAT_SARS
_,_,_,P,A,I,dn,BAT_SARS
_,_,_,T,Y,V,dn,BAT_SARS
_,_,K,D,L,R,in,BAT_SARS
_,_,_,P,N,V,dn,BAT_SARS
_,_,_,A,D,Y,dn,BAT_SARS
_,_,_,T,G,N,in,BAT_SARS
_,T,S,F,S,T,in,BAT_SARS
_,_,_,V,A,Y,dn,BAT_SARS
_,_,_,D,F,G,dn,BAT_SARS
_,_,_,Q,S,A,dn,BAT_SARS
_,_,_,S,V,L,in,BAT_SARS
_,_,_,A,N,Q,in,BAT_SARS
_,_,_,G,K,L,in,BAT_SARS
_,_,_,I,L,D,in,BAT_SARS
_,_,_,Y,S,T,dn,BAT_SARS
_,_,_,A,A,L,dn,BAT_SARS
_,_,_,T,Q,Y,in,BAT_SARS
_,_,_,K,N,F,dn,BAT_SARS
_,_,G,N,F,K,in,BAT_SARS
_,_,_,R,F,N,dn,BAT_SARS
_,_,_,N,F,N,in,BAT_SARS
_,_,_,S,T,G,in,BAT_SARS
_,_,_,N,I,T,dn,BAT_SARS
_,_,_,R,F,N,dn,BAT_SARS
_,_,F,N,G,L,dn,BAT_SARS
_,_,_,I,A,I,in,BAT_SARS
_,_,_,L,N,E,dn,BAT_SARS
_,_,_,D,V,V,dn,BAT_SARS
_,_,_,S,V,Y,dn,BAT_SARS
_,_,_,N,F,N,in,BAT_SARS
_,_,_,L,I,T,in,BAT_SARS
_,_,_,V,L,Y,dn,BAT_SARS
_,_,_,V,L,K,dn,BAT_SARS
_,_,_,S,V,L,dn,BAT_SARS
_,_,_,Q,N,A,in,BAT_SARS
_,_,_,C,S,C,dn,BAT_SARS
_,_,_,K,L,P,dn,BAT_SARS
_,_,_,P,F,D,dn,BAT_SARS
_,_,_,A,A,T,dn,BAT_SARS
_,_,_,S,T,F,in,BAT_SARS
_,_,_,A,N,L,in,BAT_SARS
_,_,_,T,Y,D,in,BAT_SARS
_,_,_,S,S,S,in,BAT_SARS
_,_,_,A,S,A,in,BAT_SARS
_,_,_,N,F,N,dn,BAT_SARS
_,_,_,N,F,N,dn,BAT_SARS
_,_,_,N,F,N,in,BAT_SARS
_,_,_,L,D,I,in,BAT_SARS
_,_,_,Q,S,F,in,BAT_SARS
_,_,_,N,F,N,in,BAT_SARS
_,_,_,S,V,L,in,BAT_SARS
_,_,_,N,F,N,in,BAT_SARS
_,_,_,T,S,N,in,BAT_SARS
_,_,_,F,N,F,dn,BAT_SARS
_,_,_,P,N,V,dn,BAT_SARS
_,_,_,T,S,N,in,BAT_SARS
_,_,_,G,A,E,dn,BAT_SARS
_,_,_,I,A,I,in,BAT_SARS
_,_,_,S,N,F,in,BAT_SARS
_,_,_,T,Y,V,dn,BAT_SARS
_,_,_,N,F,N,in,BAT_SARS
_,_,N,S,I,A,dn,BAT_SARS
_,_,_,P,N,V,dn,BAT_SARS
_,_,_,Y,T,V,dn,BAT_SARS
_,_,_,Y,Q,T,dn,BAT_SARS
_,_,_,L,P,F,dn,BAT_SARS
_,_,T,A,A,L,in,BAT_SARS
_,_,_,I,A,I,in,BAT_SARS
_,_,_,N,I,T,dn,BAT_SARS
_,_,_,F,S,Q,in,BAT_SARS
_,_,_,Q,S,F,in,BAT_SARS
_,_,_,L,S,S,dn,BAT_SARS
_,_,_,T,G,N,in,BAT_SARS
_,_,_,S,T,F,in,BAT_SARS
_,_,_,A,Y,T,dn,BAT_SARS
_,_,_,N,V,D,dn,BAT_SARS
_,_,_,G,A,E,dn,BAT_SARS
_,_,_,N,S,T,in,BAT_SARS
_,_,_,P,S,K,dn,BAT_SARS
_,_,_,Y,Q,T,dn,BAT_SARS
_,_,_,L,K,P,in,BAT_SARS
_,_,_,G,Y,Q,in,BAT_SARS
_,_,_,S,V,L,dn,BAT_SARS
_,_,_,P,A,I,dn,BAT_SARS
_,_,_,D,F,T,dn,BAT_SARS
_,_,_,V,S,G,dn,BAT_SARS
_,_,_,N,F,N,in,BAT_SARS
_,_,_,L,S,S,dn,BAT_SARS
_,_,_,Q,N,A,in,BAT_SARS
_,_,_,V,L,Y,dn,BAT_SARS
_,_,_,A,S,A,in,BAT_SARS
_,_,_,G,A,G,dn,BAT_SARS
_,_,_,A,S,A,in,BAT_SARS
_,_,I,D,R,L,dn,BAT_SARS
_,_,N,F,N,V,in,BAT_SARS
_,_,_,I,A,I,in,BAT_SARS
_,_,_,I,L,D,dn,BAT_SARS
_,_,_,I,A,I,dn,BAT_SARS
_,_,_,N,L,A,in,BAT_SARS
_,_,_,G,V,S,dn,BAT_SARS
_,_,_,V,D,C,in,BAT_SARS
_,_,_,S,F,Q,dn,BAT_SARS
_,_,_,S,T,G,dn,BAT_SARS
_,_,_,L,T,Q,in,BAT_SARS
_,_,_,I,A,I,in,BAT_SARS
_,_,_,N,A,S,in,BAT_SARS
_,_,_,V,S,G,dn,BAT_SARS
_,_,_,L,K,G,dn,BAT_SARS
_,_,_,A,S,V,dn,BAT_SARS
_,_,_,A,G,F,in,BAT_SARS
_,_,_,F,S,Q,dn,BAT_SARS
_,_,_,N,F,N,dn,BAT_SARS
_,_,_,V,T,Q,dn,BAT_SARS
_,_,_,F,D,N,dn,BAT_SARS
_,_,_,I,A,I,dn,BAT_SARS
_,_,_,F,V,S,dn,BAT_SARS
_,_,_,V,D,C,in,BAT_SARS
_,_,_,L,S,S,dn,BAT_SARS
_,_,_,G,V,S,dn,BAT_SARS
_,_,F,N,G,L,dn,BAT_SARS
_,_,_,F,N,F,in,BAT_SARS
_,_,_,A,G,F,in,BAT_SARS
_,_,_,F,G,G,dn,BAT_SARS
_,_,_,E,S,L,dn,BAT_SARS
_,_,_,N,G,T,in,BAT_SARS
_,_,_,L,T,Q,in,BAT_SARS
_,_,_,G,A,E,dn,BAT_SARS
_,_,_,L,S,T,dn,BAT_SARS
_,_,_,I,R,A,dn,BAT_SARS
_,_,_,F,N,G,dn,BAT_SARS
_,_,_,A,S,A,dn,BAT_SARS
_,_,_,S,A,N,in,BAT_SARS
_,_,Y,V,G,N,in,BAT_SARS
_,_,_,V,I,A,dn,BAT_SARS
_,_,_,Q,S,A,dn,BAT_SARS
_,_,_,G,V,Y,dn,BAT_SARS
_,_,L,P,P,L,in,BAT_SARS
_,_,_,N,F,N,in,BAT_SARS
_,_,_,T,Y,D,in,BAT_SARS
_,_,A,V,D,C,dn,BAT_SARS
_,_,_,Q,N,A,dn,BAT_SARS
_,_,_,L,P,D,in,BAT_SARS
_,_,_,N,A,S,dn,BAT_SARS
_,_,_,I,R,A,dn,BAT_SARS
_,_,_,L,I,R,dn,BAT_SARS
_,_,_,V,D,C,dn,BAT_SARS
_,_,S,S,E,V,dn,BAT_SARS
_,_,_,S,S,S,in,BAT_SARS
_,_,_,G,I,G,dn,BAT_SARS
_,_,_,A,A,L,dn,BAT_SARS
_,_,_,L,N,E,dn,BAT_SARS
_,_,_,T,G,V,dn,BAT_SARS
_,_,_,Q,S,A,dn,BAT_SARS
_,_,_,N,C,T,dn,BAT_SARS
_,V,E,A,E,V,in,BAT_SARS
_,_,_,S,P,D,dn,BAT_SARS
_,_,_,I,A,I,in,BAT_SARS
_,_,G,N,F,K,in,BAT_SARS
_,T,S,F,S,T,in,BAT_SARS
_,_,_,S,P,D,in,BAT_SARS
_,_,_,R,D,L,dn,BAT_SARS
_,_,_,G,A,G,dn,BAT_SARS
_,_,_,L,I,T,in,BAT_SARS
_,_,_,Q,L,I,dn,BAT_SARS
_,_,_,Y,S,T,dn,BAT_SARS
_,_,_,V,L,Y,dn,BAT_SARS
_,_,_,C,S,C,in,BAT_SARS
_,_,S,E,C,V,dn,BAT_SARS
_,_,_,V,I,A,in,BAT_SARS
_,_,_,A,S,A,in,BAT_SARS
_,_,S,V,L,R,dn,BAT_SARS
_,_,_,V,S,A,in,BAT_SARS
_,_,_,L,P,D,in,BAT_SARS
_,_,_,T,G,V,dn,BAT_SARS
_,_,_,P,I,L,dn,BAT_SARS
_,_,_,N,F,N,in,BAT_SARS
_,K,P,Q,P,K,in,BAT_SARS
_,_,_,C,S,C,in,BAT_SARS
_,_,_,A,S,A,dn,BAT_SARS
_,_,L,P,P,L,in,BAT_SARS
_,_,_,I,A,I,in,BAT_SARS
_,_,_,N,A,S,in,BAT_SARS
_,_,_,L,K,G,dn,BAT_SARS
_,_,_,L,G,K,dn,BAT_SARS
_,_,_,Y,N,Y,in,BAT_SARS
_,_,_,N,F,N,dn,BAT_SARS
_,_,_,F,S,Q,dn,BAT_SARS
_,_,_,N,N,S,dn,BAT_SARS
_,_,_,V,D,C,in,BAT_SARS
_,_,_,T,Y,D,dn,BAT_SARS
_,_,_,G,I,G,in,BAT_SARS
_,_,_,A,N,L,in,BAT_SARS
_,_,_,S,I,A,in,BAT_SARS
_,_,G,N,F,K,in,BAT_SARS
_,_,_,S,T,F,in,BAT_SARS
_,_,_,N,F,S,dn,BAT_SARS
_,_,_,I,A,I,in,BAT_SARS
_,_,_,L,D,I,in,BAT_SARS
_,_,_,L,T,Q,in,BAT_SARS
_,_,_,T,V,L,dn,BAT_SARS
_,_,_,N,A,S,dn,BAT_SARS
_,_,N,S,I,A,dn,BAT_SARS
_,_,_,S,I,A,in,BAT_SARS
_,_,_,Q,S,A,dn,BAT_SARS
_,_,_,N,I,T,dn,BAT_SARS
_,_,G,V,Y,Y,in,BAT_SARS
_,_,_,C,S,C,in,BAT_SARS
_,_,_,L,I,T,in,BAT_SARS
_,_,_,N,A,S,in,BAT_SARS
_,_,_,D,I,S,dn,BAT_SARS
_,_,_,S,K,R,dn,BAT_SARS
_,_,_,P,I,L,dn,BAT_SARS
_,_,_,N,L,C,dn,BAT_SARS
_,_,_,P,S,V,in,BAT_SARS
_,_,_,A,N,L,in,BAT_SARS
_,_,_,A,N,L,in,BAT_SARS
_,_,S,S,E,V,dn,BAT_SARS
_,_,_,S,T,G,in,BAT_SARS
_,_,_,Q,Y,G,dn,BAT_SARS
_,_,_,T,S,N,in,BAT_SARS
_,_,_,G,K,L,in,BAT_SARS
_,_,_,N,F,N,dn,BAT_SARS
_,_,_,T,S,N,in,BAT_SARS
_,_,_,A,P,A,in,BAT_SARS
_,_,_,F,N,S,in,BAT_SARS
_,_,_,G,A,G,dn,BAT_SARS
_,_,_,L,I,R,dn,BAT_SARS
_,_,F,Q,Q,F,in,BAT_SARS
_,_,_,A,L,N,in,BAT_SARS
_,_,_,D,N,T,dn,BAT_SARS
_,_,_,R,V,V,dn,BAT_SARS
_,I,G,A,G,I,in,BAT_SARS
_,_,_,I,A,I,in,BAT_SARS
_,_,_,N,F,N,dn,BAT_SARS
_,_,_,G,A,G,in,BAT_SARS
_,_,_,L,S,S,dn,BAT_SARS
_,_,Y,V,G,N,in,BAT_SARS
_,_,_,T,S,N,in,BAT_SARS
_,_,_,A,A,T,dn,BAT_SARS
_,_,_,V,I,A,in,BAT_SARS
_,_,_,N,I,T,dn,BAT_SARS
_,_,_,S,V,L,dn,BAT_SARS
_,_,_,S,V,Y,dn,BAT_SARS
_,_,_,S,I,A,in,BAT_SARS
_,_,_,G,V,Y,dn,BAT_SARS
_,_,_,V,L,Y,dn,BAT_SARS
_,_,_,R,V,V,dn,BAT_SARS
_,_,_,A,N,Q,in,BAT_SARS
_,_,_,E,S,L,dn,BAT_SARS
_,_,G,V,Y,Y,in,BAT_SARS
_,_,_,S,P,D,dn,BAT_SARS
_,_,F,G,G,F,in,BAT_SARS
_,_,_,Q,N,A,in,BAT_SARS
_,_,_,A,G,F,in,BAT_SARS
_,_,_,Q,S,A,dn,BAT_SARS
_,_,_,T,G,N,in,BAT_SARS
_,_,_,F,N,F,dn,BAT_SARS
_,_,N,S,I,A,dn,BAT_SARS
_,_,_,K,L,I,dn,BAT_SARS
_,_,_,L,P,D,in,BAT_SARS
_,_,_,V,D,C,in,BAT_SARS
_,_,_,Y,T,V,in,BAT_SARS
_,_,_,T,S,N,in,BAT_SARS
_,_,_,A,S,V,in,BAT_SARS
_,I,G,A,G,I,in,BAT_SARS
_,_,_,G,V,Y,dn,BAT_SARS
_,_,_,P,N,V,dn,BAT_SARS
_,_,_,S,T,F,in,BAT_SARS
_,_,_,L,K,P,dn,BAT_SARS
_,_,_,A,T,R,dn,BAT_SARS
_,_,_,G,V,Y,dn,BAT_SARS
_,_,L,I,D,L,dn,BAT_SARS
_,_,_,V,S,A,dn,BAT_SARS
_,_,_,L,V,S,in,BAT_SARS
_,_,_,A,S,A,in,BAT_SARS
_,_,_,V,I,A,in,BAT_SARS
_,_,_,N,A,S,in,BAT_SARS
_,_,_,F,L,P,dn,BAT_SARS
_,_,_,T,Q,Y,in,BAT_SARS
_,_,D,I,L,S,in,BAT_SARS
_,_,_,I,L,D,in,BAT_SARS
_,_,_,V,Y,Q,dn,BAT_SARS
_,_,_,L,I,T,in,BAT_SARS
_,_,_,L,K,G,dn,BAT_SARS
_,_,_,A,S,V,in,BAT_SARS
_,_,_,L,K,G,dn,BAT_SARS
_,_,_,A,A,Y,dn,BAT_SARS
_,_,_,C,S,C,in,BAT_SARS
_,_,_,S,V,L,dn,BAT_SARS
_,_,_,G,I,I,dn,BAT_SARS
_,_,_,N,F,N,in,BAT_SARS
_,_,_,Y,S,T,dn,BAT_SARS
_,_,_,A,S,A,dn,BAT_SARS
_,_,_,I,A,I,dn,BAT_SARS
_,_,_,K,N,F,in,BAT_SARS
_,_,_,G,V,S,dn,BAT_SARS
_,_,_,F,N,S,in,BAT_SARS
_,_,_,I,A,I,in,BAT_SARS
_,_,_,T,G,N,in,BAT_SARS
_,_,_,F,D,N,dn,BAT_SARS
_,_,_,N,A,S,dn,BAT_SARS
_,_,_,V,D,C,in,BAT_SARS
_,_,_,N,F,N,dn,BAT_SARS
_,_,_,V,I,R,dn,BAT_SARS
_,A,M,Q,M,A,in,BAT_SARS
_,_,_,S,V,L,dn,BAT_SARS
_,_,_,P,I,L,dn,BAT_SARS
_,_,_,S,A,N,in,BAT_SARS
_,_,_,L,I,T,dn,BAT_SARS
_,_,_,N,S,T,in,BAT_SARS
_,_,_,E,K,S,dn,BAT_SARS
_,_,_,D,N,T,dn,BAT_SARS
_,_,_,F,K,N,dn,BAT_SARS
_,_,_,N,F,N,in,BAT_SARS
_,_,_,L,G,K,dn,BAT_SARS
_,_,_,I,L,D,in,BAT_SARS
_,_,_,V,D,C,in,BAT_SARS
_,_,_,I,D,L,in,BAT_SARS
_,_,_,V,Y,T,in,BAT_SARS
_,_,_,L,I,A,dn,BAT_SARS
_,_,_,S,C,C,dn,BAT_SARS
_,_,_,F,N,F,dn,BAT_SARS
_,_,_,Y,N,Y,in,BAT_SARS
_,_,_,V,K,Q,dn,BAT_SARS
_,_,_,N,F,N,dn,BAT_SARS
_,_,_,P,N,V,dn,BAT_SARS
_,_,_,G,V,S,dn,BAT_SARS
_,_,T,A,A,L,in,BAT_SARS
_,_,_,N,L,A,in,BAT_SARS
_,_,_,N,A,S,dn,BAT_SARS
_,_,_,L,G,D,dn,BAT_SARS
_,_,_,C,S,C,in,BAT_SARS
_,_,F,Q,Q,F,in,BAT_SARS
_,_,_,A,Y,T,dn,BAT_SARS
_,_,_,G,N,F,in,BAT_SARS
_,_,_,I,L,D,dn,BAT_SARS
_,_,_,N,A,S,in,BAT_SARS
_,_,_,P,F,D,dn,BAT_SARS
_,_,_,A,P,A,in,BAT_SARS
_,_,_,S,A,N,in,BAT_SARS
_,_,_,N,N,S,dn,BAT_SARS
_,_,_,I,A,I,in,BAT_SARS
_,_,_,S,S,S,in,BAT_SARS
_,_,_,Q,D,V,dn,BAT_SARS
_,_,_,T,G,V,dn,BAT_SARS
_,_,_,I,R,A,dn,BAT_SARS
_,_,_,T,Y,D,dn,BAT_SARS
_,_,_,N,S,T,dn,BAT_SARS
_,_,_,L,K,G,in,BAT_SARS
_,_,_,L,D,K,dn,BAT_SARS
_,_,_,V,I,A,in,BAT_SARS
_,_,_,E,S,L,dn,BAT_SARS
_,_,_,A,S,A,in,BAT_SARS
_,_,_,I,A,I,in,BAT_SARS
_,_,_,N,A,S,dn,BAT_SARS
_,_,_,L,I,T,dn,BAT_SARS
_,_,_,I,R,A,dn,BAT_SARS
_,_,S,C,C,S,in,BAT_SARS
_,_,_,S,C,C,dn,BAT_SARS
_,T,S,F,S,T,in,BAT_SARS
_,_,_,N,G,T,in,BAT_SARS
_,_,_,C,S,C,dn,BAT_SARS
_,_,_,I,A,I,in,BAT_SARS
_,_,_,I,R,A,dn,BAT_SARS
_,_,_,Y,Q,T,dn,BAT_SARS
_,_,_,L,T,Q,dn,BAT_SARS
_,_,_,S,V,L,dn,BAT_SARS
_,_,_,D,F,T,dn,BAT_SARS
_,_,_,T,G,V,dn,BAT_SARS
_,_,_,I,R,A,dn,BAT_SARS
_,_,_,S,V,L,in,BAT_SARS
_,_,_,G,N,F,in,BAT_SARS
_,_,_,N,F,N,dn,BAT_SARS
_,_,_,D,N,T,dn,BAT_SARS
_,_,_,L,K,G,dn,BAT_SARS
_,_,_,G,A,G,dn,BAT_SARS
_,_,_,N,F,N,in,BAT_SARS
_,_,_,S,S,S,dn,BAT_SARS
_,_,_,N,F,N,dn,BAT_SARS
_,_,_,E,V,A,dn,BAT_SARS
_,_,_,A,A,T,dn,BAT_SARS
_,_,_,N,A,S,in,BAT_SARS
_,_,_,N,F,N,in,BAT_SARS
_,_,_,S,V,L,dn,BAT_SARS
_,_,_,L,S,T,dn,BCOV
_,_,_,S,L,M,dn,BCOV
_,_,_,S,S,L,dn,BCOV
_,_,_,Y,Y,N,dn,BCOV
_,_,_,V,I,K,dn,BCOV
_,_,_,I,N,F,dn,BCOV
_,_,_,G,T,Y,in,BCOV
_,_,_,D,Y,L,dn,BCOV
_,_,_,T,S,S,dn,BCOV
_,_,_,L,L,I,dn,BCOV
_,_,_,Y,Y,P,dn,BCOV
_,_,_,Y,G,S,in,BCOV
_,_,_,V,P,S,in,BCOV
_,_,_,Y,Y,V,dn,BCOV
_,_,_,G,N,L,dn,BCOV
_,_,_,P,L,N,in,BCOV
_,_,_,N,G,N,in,BCOV
_,D,L,S,L,D,in,BCOV
_,_,_,S,G,Y,dn,BCOV
_,_,_,V,P,S,in,BCOV
_,_,_,A,Q,A,in,BCOV
_,_,_,T,L,S,dn,BCOV
_,_,_,I,S,L,in,BCOV
_,_,_,A,I,K,dn,BCOV
_,_,_,G,I,G,in,BCOV
_,T,G,C,G,T,in,BCOV
_,_,L,V,K,I,in,BCOV
_,_,_,A,K,V,dn,BCOV
_,_,_,V,L,S,dn,BCOV
_,_,_,G,I,G,in,BCOV
_,_,_,F,D,S,in,BCOV
_,_,_,A,A,Q,dn,BCOV
_,_,_,L,T,S,in,BCOV
_,_,_,G,I,T,in,BCOV
_,_,_,A,L,N,dn,BCOV
_,_,_,G,V,P,in,BCOV
_,_,_,Y,L,G,in,BCOV
_,_,_,L,S,I,in,BCOV
_,_,_,S,G,Y,dn,BCOV
_,_,_,C,K,S,dn,BCOV
_,_,_,F,V,N,dn,BCOV
_,_,_,G,S,G,dn,BCOV
_,_,_,T,D,T,in,BCOV
_,_,_,D,C,N,dn,BCOV
_,_,_,S,V,V,dn,BCOV
_,_,_,L,Q,E,dn,BCOV
_,_,_,G,T,Y,in,BCOV
_,_,_,T,S,C,dn,BCOV
_,_,_,G,I,G,in,BCOV
_,_,_,N,G,I,dn,BCOV
_,_,_,L,Y,F,dn,BCOV
_,_,_,I,G,N,in,BCOV
_,_,_,V,N,S,dn,BCOV
_,_,_,S,V,V,dn,BCOV
_,_,_,D,G,V,dn,BCOV
_,_,_,S,S,R,dn,BCOV
_,_,_,G,S,G,in,BCOV
_,_,_,F,A,N,in,BCOV
_,_,_,I,S,L,dn,BCOV
_,_,_,R,I,N,dn,BCOV
_,_,_,I,T,I,dn,BCOV
_,_,_,P,L,N,in,BCOV
_,_,_,Y,L,N,dn,BCOV
_,_,_,S,C,L,dn,BCOV
_,_,_,Q,S,Y,dn,BCOV
_,_,_,G,I,G,dn,BCOV
_,_,_,I,K,C,dn,BCOV
_,_,_,S,S,L,dn,BCOV
_,_,_,T,C,N,dn,BCOV
_,_,_,G,V,P,in,BCOV
_,_,_,T,S,C,in,BCOV
_,_,_,T,S,C,dn,BCOV
_,_,_,D,C,N,dn,BCOV
_,_,_,L,L,F,dn,BCOV
_,_,_,V,V,S,in,BCOV
_,_,K,D,G,V,dn,BCOV
_,_,_,V,N,A,dn,BCOV
_,_,_,I,N,F,dn,BCOV
_,P,N,L,P,D,dn,BCOV
_,_,_,D,S,L,in,BCOV
_,_,_,Q,E,G,dn,BCOV
_,_,_,I,T,I,in,BCOV
_,_,_,S,G,L,in,BCOV
_,_,_,L,G,T,dn,BCOV
_,_,_,A,D,V,dn,BCOV
_,_,_,A,Q,A,in,BCOV
_,_,_,Y,G,S,in,BCOV
_,_,_,N,G,R,dn,BCOV
_,_,_,L,V,K,dn,BCOV
_,_,_,I,S,L,dn,BCOV
_,_,_,S,T,D,dn,BCOV
_,_,_,N,G,I,dn,BCOV
_,_,_,I,N,G,dn,BCOV
_,_,L,N,G,Y,dn,BCOV
_,D,T,G,V,V,dn,BCOV
_,_,_,V,N,A,dn,BCOV
_,_,_,Y,L,G,in,BCOV
_,_,_,I,S,T,dn,BCOV
_,_,_,V,N,A,dn,BCOV
_,_,_,N,L,P,in,BCOV
_,_,_,C,G,G,dn,BCOV
_,_,_,G,S,G,in,BCOV
_,_,_,Y,L,G,in,BCOV
_,_,_,C,N,I,dn,BCOV
_,_,_,V,L,S,in,BCOV
_,_,_,N,G,L,in,BCOV
_,_,_,G,I,G,dn,BCOV
_,_,_,I,D,A,dn,BCOV
_,_,_,F,T,D,dn,BCOV
_,T,G,C,G,T,in,BCOV
_,_,_,T,D,T,in,BCOV
_,_,_,Y,L,G,dn,BCOV
_,_,_,S,I,T,dn,BCOV
_,_,_,I,T,I,in,BCOV
_,_,_,G,I,G,in,BCOV
_,_,Q,Q,L,S,dn,BCOV
_,_,_,L,N,G,in,BCOV
_,_,_,L,S,D,dn,BCOV
_,_,_,V,V,Q,dn,BCOV
_,_,_,I,N,F,dn,BCOV
_,_,_,A,N,V,in,BCOV
_,_,_,T,G,V,dn,BCOV
_,T,V,D,V,T,in,BCOV
_,_,_,C,S,T,in,BCOV
_,_,_,F,T,N,dn,BCOV
_,_,_,V,V,N,in,BCOV
_,_,_,S,K,V,in,BCOV
_,_,_,I,Q,A,dn,BCOV
_,_,_,G,S,G,dn,BCOV
_,_,_,L,Q,G,dn,BCOV
_,_,_,I,Q,A,in,BCOV
_,_,_,S,T,L,dn,BCOV
_,_,_,C,F,K,dn,BCOV
_,_,_,G,Y,T,dn,BCOV
_,_,_,T,L,S,dn,BCOV
_,_,_,G,I,G,in,BCOV
_,R,R,S,R,R,in,BCOV
_,_,_,V,L,S,dn,BCOV
_,_,N,S,A,L,dn,BCOV
_,_,_,L,Y,F,dn,BCOV
_,D,T,G,V,V,dn,BCOV
_,G,D,L,K,C,in,BCOV
_,_,_,L,L,N,in,BCOV
_,_,_,Y,L,N,dn,BCOV
_,_,_,V,N,S,dn,BCOV
_,_,_,L,N,T,dn,BCOV
_,G,D,L,K,C,in,BCOV
_,_,_,V,V,S,in,BCOV
_,_,_,R,I,N,dn,BCOV
_,_,_,L,L,L,in,BCOV
_,_,D,T,G,V,dn,BCOV
_,_,_,P,L,N,in,BCOV
_,_,_,G,S,G,in,BCOV
_,_,_,G,L,Y,dn,BCOV
_,_,_,I,P,N,dn,BCOV
_,_,_,V,C,G,in,BCOV
_,_,_,N,L,Y,in,BCOV
_,_,_,L,L,N,in,BCOV
_,_,_,C,N,I,dn,BCOV
_,_,_,N,L,G,dn,BCOV
_,_,_,S,A,A,dn,BCOV
_,_,_,N,F,N,dn,BCOV
_,_,_,T,G,V,dn,BCOV
_,_,_,F,N,V,dn,BCOV
_,_,_,T,N,F,dn,BCOV
_,_,_,Q,L,Q,in,BCOV
_,_,_,A,G,V,dn,BCOV
_,_,_,I,D,A,dn,BCOV
_,_,_,V,V,Q,dn,BCOV
_,_,_,P,A,G,dn,BCOV
_,_,_,S,G,Y,in,BCOV
_,_,_,S,A,A,dn,BCOV
_,_,_,G,I,F,dn,BCOV
_,_,_,R,I,N,dn,BCOV
_,_,_,V,L,S,in,BCOV
_,_,_,E,V,N,dn,BCOV
_,_,_,T,L,S,dn,BCOV
_,_,_,V,V,V,in,BCOV
_,_,_,A,L,N,dn,BCOV
_,_,_,Y,Y,V,dn,BCOV
_,_,_,Y,L,G,in,BCOV
_,_,_,S,D,F,in,BCOV
_,_,_,V,N,A,in,BCOV
_,_,_,S,D,F,in,BCOV
_,_,_,V,V,S,in,BCOV
_,_,_,V,L,S,dn,BCOV
_,_,_,L,Y,F,in,BCOV
_,_,T,L,L,L,dn,BCOV
_,_,_,K,A,P,dn,BCOV
_,_,_,K,V,K,dn,BCOV
_,_,_,I,T,I,dn,BCOV
_,_,_,L,N,G,in,BCOV
_,_,_,G,T,C,in,BCOV
_,_,_,N,F,N,in,BCOV
_,_,_,D,C,N,dn,BCOV
_,_,_,Q,L,Q,in,BCOV
_,_,_,Y,L,G,dn,BCOV
_,_,_,G,I,G,dn,BCOV
_,_,_,A,F,N,dn,BCOV
_,_,_,N,L,Y,in,BCOV
_,P,P,F,L,S,in,BCOV
_,_,_,T,C,N,dn,BCOV
_,_,_,T,G,V,dn,BCOV
_,_,_,V,V,V,dn,BCOV
_,_,_,T,G,V,dn,BCOV
_,T,S,G,S,T,in,BCOV
_,_,_,P,A,G,dn,BCOV
_,_,_,V,N,A,dn,BCOV
_,_,_,I,T,I,in,BCOV
_,_,_,Y,I,N,dn,BCOV
_,_,_,Y,Y,P,dn,BCOV
_,_,_,S,A,A,dn,BCOV
_,_,_,W,F,K,dn,BCOV
_,_,_,S,G,Y,dn,BCOV
_,_,_,L,Q,E,dn,BCOV
_,_,_,S,V,V,dn,BCOV
_,_,_,A,N,A,in,BCOV
_,_,_,S,D,F,in,BCOV
_,_,_,A,N,A,in,BCOV
_,T,V,D,V,T,in,BCOV
_,_,_,S,G,Y,dn,BCOV
_,_,D,T,G,V,dn,BCOV
_,_,_,F,T,N,dn,BCOV
_,_,L,T,V,G,in,BCOV
_,_,_,L,N,G,in,BCOV
_,_,_,G,Y,T,dn,BCOV
_,_,_,I,D,A,dn,BCOV
_,_,_,F,T,D,dn,BCOV
_,_,_,G,S,T,dn,BCOV
_,_,L,T,V,G,in,BCOV
_,_,_,Q,E,G,dn,BCOV
_,_,_,N,G,N,dn,BCOV
_,_,_,Y,Y,V,dn,BCOV
_,_,_,I,T,I,dn,BCOV
_,_,_,S,V,V,in,BCOV
_,_,_,G,F,R,in,BCOV
_,_,_,L,L,L,in,BCOV
_,_,_,L,L,F,dn,BCOV
_,_,V,N,A,D,dn,BCOV
_,_,_,I,G,T,dn,BCOV
_,_,_,V,V,S,in,BCOV
_,_,_,Y,L,G,in,BCOV
_,_,V,G,S,G,dn,BCOV
_,_,_,F,V,N,dn,BCOV
_,_,T,L,L,L,dn,BCOV
_,_,_,G,S,G,in,BCOV
_,_,_,G,I,G,dn,BCOV
_,_,_,S,L,M,dn,BCOV
_,_,_,V,N,A,dn,BCOV
_,_,_,Y,G,S,in,BCOV
_,_,_,L,G,T,dn,BCOV
_,_,_,L,V,K,in,BCOV
_,_,_,L,N,G,in,BCOV
_,_,_,S,C,L,dn,BCOV
_,_,_,K,T,S,in,BCOV
_,_,_,P,I,T,dn,BCOV
_,_,_,N,G,I,dn,BCOV
_,_,_,G,Y,L,in,BCOV
_,_,_,Y,L,N,dn,BCOV
_,_,_,C,G,G,dn,BCOV
_,_,_,K,V,S,dn,BCOV
_,_,I,K,V,L,in,BCOV
_,_,_,Y,L,T,dn,BCOV
_,_,_,G,S,T,in,BCOV
_,_,_,T,C,N,dn,BCOV
_,_,_,D,T,T,dn,BCOV
_,_,_,Q,L,Q,in,BCOV
_,_,_,V,P,S,in,BCOV
_,_,_,Y,I,N,dn,BCOV
_,_,_,Q,S,Y,dn,BCOV
_,_,_,T,I,G,dn,BCOV
_,_,_,S,L,M,dn,BCOV
_,_,_,C,K,S,dn,BCOV
_,_,_,P,L,N,in,BCOV
_,_,_,T,S,C,dn,BCOV
_,_,_,G,I,G,in,BCOV
_,_,_,Y,L,T,dn,BCOV
_,_,_,L,N,G,in,BCOV
_,_,_,G,I,G,in,BCOV
_,_,_,L,L,S,dn,BCOV
_,_,_,C,S,T,in,BCOV
_,_,_,A,N,A,in,BCOV
_,_,_,V,V,V,in,BCOV
_,_,_,G,N,L,dn,BCOV
_,_,_,V,L,S,in,BCOV
_,_,_,T,S,C,dn,BCOV
_,_,_,V,V,N,in,BCOV
_,G,S,G,S,G,in,BCOV
_,_,_,T,L,S,dn,BCOV
_,_,_,Q,L,Q,in,BCOV
_,_,_,A,G,V,dn,BCOV
_,_,_,Y,G,S,in,BCOV
_,_,_,I,P,N,dn,BCOV
_,_,_,Y,G,S,in,BCOV
_,_,_,G,S,G,in,BCOV
_,_,_,C,S,T,in,BCOV
_,_,_,T,L,S,dn,BCOV
_,_,_,P,V,G,in,BCOV
_,_,_,V,Q,P,dn,BCOV
_,_,_,L,V,K,in,BCOV
_,_,_,S,V,V,in,BCOV
_,_,_,N,G,I,dn,BCOV
_,_,I,K,V,L,dn,BCOV
_,_,_,Y,L,G,in,BCOV
_,_,I,K,V,L,in,BCOV
_,_,_,L,S,D,dn,BCOV
_,_,_,Y,R,I,dn,BCOV
_,_,_,Y,Y,V,dn,BCOV
_,_,_,I,Q,A,dn,BCOV
_,_,_,G,I,G,in,BCOV
_,_,_,S,G,Y,dn,BCOV
_,_,_,G,A,I,in,BCOV
_,_,_,R,I,N,dn,BCOV
_,_,_,L,S,D,dn,BCOV
_,_,_,L,S,I,in,BCOV
_,_,_,Y,Y,N,dn,BCOV
_,_,_,K,V,K,in,BCOV
_,_,_,V,V,N,in,BCOV
_,G,D,L,K,C,in,BCOV
_,_,_,T,S,C,in,BCOV
_,_,_,K,V,K,in,BCOV
_,_,_,S,S,R,dn,BCOV
_,_,G,S,G,Y,dn,BCOV
_,_,_,F,N,V,dn,BCOV
_,_,L,Q,Q,L,in,BCOV
_,_,_,F,N,N,dn,BCOV
_,_,_,T,N,G,dn,BCOV
_,_,_,P,S,T,dn,BCOV
_,_,_,G,A,I,in,BCOV
_,_,_,A,G,V,dn,BCOV
_,_,_,G,S,G,dn,BCOV
_,T,V,D,V,T,in,BCOV
_,_,_,G,T,Y,in,BCOV
_,_,_,C,N,I,dn,BCOV
_,_,_,T,D,T,in,BCOV
_,_,_,G,T,Y,in,BCOV
_,_,_,V,L,S,in,BCOV
_,_,I,K,V,L,in,BCOV
_,_,_,G,V,P,dn,BCOV
_,_,_,K,V,S,dn,BCOV
_,_,_,T,N,G,dn,BCOV
_,_,_,K,A,P,dn,BCOV
_,_,_,S,C,Q,dn,BCOV
_,_,_,T,D,T,in,BCOV
_,_,_,P,L,N,in,BCOV
_,V,N,F,N,V,in,BCOV
_,_,_,Y,L,N,dn,BCOV
_,_,_,V,V,V,in,BCOV
_,_,_,V,N,A,dn,BCOV
_,_,_,G,Y,Y,dn,BCOV
_,_,_,G,S,G,in,BCOV
_,_,_,L,L,F,dn,BCOV
_,_,_,I,Q,A,dn,BCOV
_,_,_,F,I,Q,dn,BCOV
_,_,_,D,S,L,in,BCOV
_,_,_,I,T,I,in,BCOV
_,_,_,T,I,G,dn,BCOV
_,R,R,S,R,R,in,BCOV
_,_,_,G,S,G,in,BCOV
_,_,_,A,Q,A,in,BCOV
_,_,_,G,N,L,dn,BCOV
_,_,_,A,F,N,dn,BCOV
_,_,_,F,Y,L,in,BCOV
_,_,_,L,S,D,in,BCOV
_,_,D,T,G,V,dn,BCOV
_,_,_,T,D,T,dn,BCOV
_,_,T,L,L,L,dn,BCOV
_,_,_,I,F,A,dn,BCOV
_,_,_,L,L,I,dn,BCOV
_,_,_,K,S,D,dn,BCOV
_,_,_,G,N,L,dn,BCOV
_,_,_,L,G,T,dn,BCOV
_,_,_,F,N,V,dn,BCOV
_,_,_,A,T,S,dn,BCOV
_,_,_,T,V,G,in,BCOV
_,_,_,S,T,D,dn,BCOV
_,_,_,Y,Y,N,dn,BCOV
_,_,_,Q,P,I,dn,BCOV
_,_,_,D,L,Q,dn,BCOV
_,_,_,N,G,I,in,BCOV
_,_,_,G,V,T,dn,BCOV
_,_,_,L,V,K,dn,BCOV
_,_,_,A,L,N,dn,BCOV
_,_,_,L,G,C,dn,BCOV
_,_,_,L,S,D,dn,BCOV
_,_,_,Y,G,S,in,BCOV
_,_,_,S,G,Y,dn,BCOV
_,_,_,S,G,Y,dn,BCOV
_,_,_,V,N,A,in,BCOV
_,_,V,N,A,D,dn,BCOV
_,_,_,G,I,G,in,BCOV
_,_,_,Q,L,Q,in,BCOV
_,_,_,L,G,C,dn,BCOV
_,_,_,A,N,V,in,BCOV
_,_,_,Q,S,Y,dn,BCOV
_,_,_,L,G,N,dn,MERS
_,_,_,L,L,S,dn,MERS
S,V,P,V,S,V,in,MERS
_,_,_,C,V,S,dn,MERS
_,_,_,Y,T,Y,in,MERS
_,_,_,V,K,A,dn,MERS
_,_,_,S,F,A,dn,MERS
_,_,_,A,S,I,dn,MERS
_,_,_,S,Y,V,in,MERS
_,_,_,F,S,S,in,MERS
_,_,_,P,T,N,dn,MERS
_,_,_,L,L,T,in,MERS
_,_,_,P,I,S,in,MERS
_,_,_,F,S,V,dn,MERS
_,_,_,L,L,T,in,MERS
_,_,_,V,F,L,in,MERS
_,_,_,N,Y,N,in,MERS
_,_,_,S,S,F,dn,MERS
_,_,_,S,V,S,in,MERS
_,_,_,L,G,N,dn,MERS
_,_,_,S,S,L,in,MERS
_,_,_,V,S,V,dn,MERS
_,_,_,Y,T,S,in,MERS
_,_,_,P,T,N,dn,MERS
_,_,_,L,G,A,in,MERS
_,_,_,A,Q,S,dn,MERS
_,_,_,S,S,L,in,MERS
_,_,_,R,S,G,dn,MERS
_,_,_,N,F,S,dn,MERS
_,_,_,L,L,T,in,MERS
_,_,S,I,A,G,in,MERS
_,_,_,P,S,T,dn,MERS
_,_,_,S,S,L,dn,MERS
_,_,_,S,V,I,in,MERS
_,_,_,L,I,L,dn,MERS
_,_,_,S,V,P,dn,MERS
_,_,_,T,I,T,in,MERS
_,_,_,I,S,T,dn,MERS
_,_,_,S,V,S,in,MERS
_,_,_,Q,F,A,dn,MERS
_,_,_,G,F,G,in,MERS
_,_,_,S,R,S,in,MERS
_,_,_,P,S,T,dn,MERS
_,_,_,N,L,T,dn,MERS
_,_,_,N,L,T,in,MERS
_,_,N,L,T,T,in,MERS
_,_,_,G,S,V,dn,MERS
_,_,_,F,S,V,in,MERS
_,_,_,T,I,T,dn,MERS
_,_,_,A,G,L,in,MERS
_,_,_,N,L,R,in,MERS
_,_,G,I,T,Q,dn,MERS
_,_,_,Y,Q,N,dn,MERS
_,_,_,I,A,S,dn,MERS
_,_,_,N,L,T,in,MERS
_,_,_,S,Q,L,dn,MERS
_,_,_,L,F,G,dn,MERS
_,_,_,L,L,D,dn,MERS
_,_,_,Y,Q,G,dn,MERS
_,_,_,A,G,L,dn,MERS
_,_,_,R,D,L,dn,MERS
_,_,_,S,T,S,in,MERS
_,_,_,S,A,G,dn,MERS
_,_,_,P,N,S,in,MERS
_,_,_,S,A,G,dn,MERS
_,_,_,L,I,L,dn,MERS
_,_,_,G,V,G,in,MERS
_,_,S,S,G,F,dn,MERS
_,_,S,F,F,S,in,MERS
_,_,_,G,F,G,in,MERS
_,_,_,L,E,P,dn,MERS
_,_,G,C,G,T,in,MERS
_,_,D,G,N,Y,dn,MERS
_,_,_,L,I,L,in,MERS
_,_,_,N,C,T,dn,MERS
_,_,_,Q,Q,V,dn,MERS
_,_,_,Y,V,Y,in,MERS
_,_,_,L,I,L,in,MERS
_,_,_,V,A,P,dn,MERS
_,_,_,L,G,N,dn,MERS
_,_,_,T,N,C,dn,MERS
_,_,_,G,N,S,dn,MERS
_,_,_,I,F,Y,in,MERS
_,_,_,F,A,N,in,MERS
_,_,_,N,L,R,in,MERS
_,_,_,S,T,S,in,MERS
_,_,D,G,N,Y,dn,MERS
_,_,G,I,T,Q,dn,MERS
_,_,_,S,G,F,in,MERS
_,_,E,V,V,E,in,MERS
_,_,_,L,E,P,dn,MERS
_,_,_,F,D,K,dn,MERS
_,_,L,P,P,L,in,MERS
_,_,_,Q,Q,V,dn,MERS
_,_,_,L,L,G,dn,MERS
_,_,S,I,Q,S,in,MERS
_,_,_,S,T,V,dn,MERS
_,_,_,L,F,V,dn,MERS
_,_,_,Y,T,Y,dn,MERS
_,_,_,S,S,L,in,MERS
_,_,_,F,G,S,in,MERS
_,_,_,G,V,G,in,MERS
_,_,_,L,L,G,dn,MERS
_,_,_,V,Y,S,dn,MERS
_,_,L,P,P,L,in,MERS
_,_,_,L,V,A,dn,MERS
_,_,P,C,V,S,in,MERS
_,_,_,Q,L,V,dn,MERS
_,_,_,L,P,P,in,MERS
_,_,_,N,F,S,dn,MERS
_,_,_,L,R,A,dn,MERS
_,_,_,T,L,L,dn,MERS
_,_,_,P,P,L,in,MERS
_,_,_,R,S,G,in,MERS
_,_,_,S,T,Y,in,MERS
_,_,_,N,L,T,in,MERS
_,_,_,L,S,L,dn,MERS
_,_,_,T,I,T,in,MERS
_,_,_,V,R,S,dn,MERS
_,_,_,L,T,T,in,MERS
_,_,_,Y,G,V,in,MERS
_,_,_,F,L,L,dn,MERS
_,_,_,V,S,I,dn,MERS
_,_,_,N,I,T,dn,MERS
_,_,_,S,S,F,dn,MERS
_,_,_,N,L,T,in,MERS
_,_,_,S,G,S,dn,MERS
_,_,_,L,L,S,in,MERS
_,_,_,Q,F,A,dn,MERS
_,_,_,I,A,G,dn,MERS
_,_,_,N,G,L,in,MERS
_,_,_,S,S,F,dn,MERS
_,_,_,L,F,V,dn,MERS
_,_,_,V,R,S,dn,MERS
_,_,_,F,G,S,dn,MERS
_,_,_,V,K,A,dn,MERS
_,_,_,N,C,T,dn,MERS
_,_,_,A,Q,S,dn,MERS
_,_,_,L,L,F,dn,MERS
_,_,_,L,L,T,in,MERS
_,_,_,Y,T,S,in,MERS
_,_,_,L,P,D,dn,MERS
_,_,_,S,R,S,dn,MERS
_,_,_,S,R,S,in,MERS
_,_,_,N,Q,Y,in,MERS
_,_,P,C,V,S,in,MERS
_,_,_,L,I,L,in,MERS
_,_,_,Y,V,Y,in,MERS
_,_,Y,E,E,Y,in,MERS
_,_,_,L,I,L,in,MERS
_,_,_,F,L,L,dn,MERS
_,_,_,S,Y,V,in,MERS
_,_,_,L,G,A,in,MERS
_,_,F,L,L,D,in,MERS
_,_,_,T,N,C,dn,MERS
_,_,_,Y,V,Y,in,MERS
_,_,G,C,G,T,in,MERS
_,_,_,V,Y,S,dn,MERS
_,_,_,S,Y,I,dn,MERS
_,_,_,F,S,S,in,MERS
_,_,_,L,L,T,in,MERS
_,_,_,P,V,S,in,MERS
_,_,_,P,P,L,in,MERS
_,_,_,N,L,R,in,MERS
_,_,_,S,S,V,in,MERS
_,_,_,S,R,S,dn,MERS
_,_,_,A,G,L,dn,MERS
_,_,_,G,S,V,dn,MERS
_,_,F,G,I,T,dn,MERS
_,_,_,L,S,L,dn,MERS
_,_,_,R,S,G,dn,MERS
_,_,_,D,F,S,in,MERS
_,_,_,I,L,E,dn,MERS
_,_,_,G,S,S,dn,MERS
_,_,_,Y,T,Y,in,MERS
_,_,_,V,R,S,dn,MERS
_,_,_,F,A,N,in,MERS
_,_,_,S,S,F,dn,MERS
_,_,T,N,N,T,in,MERS
_,_,_,L,I,L,in,MERS
_,_,_,S,S,V,in,MERS
_,_,_,D,S,V,dn,MERS
_,_,_,L,T,T,dn,MERS
_,_,_,S,T,G,dn,MERS
_,_,_,N,P,T,dn,MERS
_,_,_,L,F,G,dn,MERS
_,_,_,L,I,L,in,MERS
_,_,_,L,G,S,dn,MERS
_,_,L,P,P,L,in,MERS
_,_,P,I,I,P,in,MERS
_,_,_,L,F,V,dn,MERS
_,_,_,L,L,S,in,MERS
_,_,_,D,L,S,dn,MERS
_,_,_,T,S,A,dn,MERS
_,_,_,N,L,R,in,MERS
_,_,_,S,S,L,in,MERS
_,_,_,N,L,T,dn,MERS
_,_,_,S,T,S,dn,MERS
_,_,_,V,R,S,dn,MERS
_,_,_,Q,K,V,dn,MERS
_,_,_,L,P,P,in,MERS
_,_,_,S,G,T,in,MERS
_,_,_,V,Y,S,dn,MERS
_,_,_,P,S,T,dn,MERS
_,_,_,F,L,L,in,MERS
_,_,_,A,G,L,in,MERS
_,_,_,L,L,R,dn,MERS
_,_,_,Q,A,L,dn,MERS
_,_,_,T,L,L,dn,MERS
_,_,_,D,S,V,dn,MERS
_,_,_,S,V,R,dn,MERS
_,_,_,Y,Q,G,dn,MERS
_,_,_,I,A,S,in,MERS
_,_,_,S,Q,L,dn,MERS
_,_,_,Q,A,L,dn,MERS
_,_,_,R,L,L,in,MERS
_,_,_,S,G,S,dn,MERS
_,_,_,E,S,Y,dn,MERS
_,_,_,P,P,L,in,MERS
_,_,_,G,S,R,in,MERS
_,_,_,S,S,F,dn,MERS
_,_,_,I,E,V,dn,MERS
_,_,_,I,S,P,dn,MERS
_,_,_,F,L,L,in,MERS
_,_,_,N,G,L,in,MERS
_,_,N,Q,A,L,dn,MERS
_,_,_,S,G,F,in,MERS
_,_,_,L,F,S,dn,MERS
_,_,_,T,G,S,dn,MERS
_,_,_,I,A,S,in,MERS
_,_,_,S,S,L,in,MERS
_,_,_,S,S,F,dn,MERS
_,_,_,F,L,L,dn,MERS
_,_,_,L,I,L,in,MERS
_,_,_,T,L,L,dn,MERS
_,_,_,L,A,S,dn,MERS
_,_,_,L,L,S,dn,MERS
_,_,_,N,L,T,in,MERS
_,_,_,F,S,V,in,MERS
_,_,_,T,G,T,dn,MERS
_,_,_,T,I,T,in,MERS
_,_,_,R,S,G,in,MERS
_,_,_,L,R,A,dn,MERS
_,_,_,S,G,T,in,MERS
_,_,_,L,L,G,dn,MERS
_,_,_,L,T,T,in,MERS
_,_,_,T,G,T,in,MERS
_,_,_,L,N,S,dn,MERS
_,_,_,A,L,S,dn,MERS
_,_,_,E,Q,L,dn,MERS
_,_,_,N,G,F,dn,MERS
_,_,_,L,L,T,in,MERS
_,_,_,G,N,Y,dn,MERS
_,_,_,I,A,S,in,MERS
_,_,_,V,S,V,dn,MERS
_,_,_,A,A,I,dn,MERS
_,_,_,Q,K,L,dn,MERS
_,_,_,T,Y,Q,dn,MERS
_,_,_,Y,V,Y,dn,MERS
_,_,_,T,I,T,dn,MERS
_,_,_,F,D,K,dn,MERS
_,_,_,T,N,C,dn,MERS
_,_,_,G,F,G,dn,MERS
_,_,_,F,S,S,in,MERS
_,_,_,R,S,A,dn,MERS
_,_,_,L,L,T,in,MERS
_,_,_,S,G,S,dn,MERS
_,_,_,T,N,C,dn,MERS
_,_,_,T,I,T,in,MERS
_,_,_,G,F,G,in,MERS
_,_,_,L,F,S,dn,MERS
_,_,_,T,G,T,dn,MERS
_,_,_,S,G,S,in,MERS
_,_,_,Y,T,S,in,MERS
_,_,_,S,L,N,dn,MERS
_,_,_,T,I,T,in,MERS
_,_,N,L,T,T,in,MERS
_,_,_,N,Q,Y,in,MERS
_,_,_,S,S,L,dn,MERS
_,_,_,F,V,A,dn,MERS
_,_,_,F,G,S,dn,MERS
_,_,_,I,S,P,dn,MERS
_,_,_,S,D,D,in,MERS
_,_,_,L,L,R,dn,MERS
_,_,_,G,V,G,in,MERS
_,_,P,I,I,P,in,MERS
_,_,_,G,F,G,in,MERS
_,_,_,L,L,T,in,MERS
_,_,_,V,S,V,in,MERS
_,_,_,S,L,F,dn,MERS
_,_,_,F,N,H,dn,MERS
_,_,_,K,V,T,dn,MERS
_,_,_,S,L,F,dn,MERS
_,_,_,L,T,T,in,MERS
_,_,_,G,F,G,dn,MERS
_,_,_,T,N,C,dn,MERS
_,_,_,V,S,V,in,MERS
_,_,_,V,F,L,in,MERS
_,_,_,L,L,R,in,MERS
_,_,_,S,R,S,in,MERS
_,_,_,F,L,L,in,MERS
_,_,_,G,F,G,in,MERS
_,_,_,S,T,G,dn,MERS
_,_,_,P,S,T,dn,MERS
_,_,_,S,T,S,in,MERS
_,_,_,S,A,R,dn,MERS
_,_,_,Y,S,S,in,MERS
_,_,_,Q,Q,V,dn,MERS
_,_,_,S,T,S,in,MERS
_,_,_,L,L,T,in,MERS
_,_,_,G,L,V,dn,MERS
_,_,_,L,N,S,dn,MERS
_,_,_,I,A,S,in,MERS
_,_,_,Y,T,Y,in,MERS
_,_,T,Y,S,N,in,MERS
_,_,_,I,L,E,dn,MERS
_,_,_,Y,T,Y,in,MERS
_,_,_,F,L,L,dn,MERS
_,_,_,N,Q,Y,in,MERS
_,_,_,N,P,T,dn,MERS
_,_,_,L,L,D,dn,MERS
_,_,_,S,G,S,in,MERS
_,_,_,G,L,V,dn,MERS
_,_,_,T,L,L,dn,MERS
_,_,_,I,A,S,in,MERS
_,_,_,G,N,Y,dn,MERS
_,_,_,S,D,D,dn,MERS
_,_,F,L,L,D,in,MERS
_,_,_,S,Y,V,in,MERS
_,_,_,L,L,P,in,MERS
_,_,_,L,N,S,dn,MERS
_,_,_,Y,G,V,in,MERS
_,_,_,L,P,P,in,MERS
_,_,_,T,G,T,in,MERS
_,_,_,S,V,R,dn,MERS
_,_,_,S,V,P,in,MERS
_,_,_,V,S,V,in,MERS
_,_,_,T,L,L,dn,MERS
_,_,_,I,I,P,dn,MERS
_,_,_,N,L,R,in,MERS
_,_,_,G,V,G,in,MERS
_,_,_,Y,V,A,dn,MERS
_,_,_,A,F,Y,dn,MERS
_,_,_,N,G,F,dn,MERS
_,_,_,A,G,L,dn,MERS
_,_,P,C,V,S,in,MERS
_,_,_,L,Y,G,dn,MERS
_,_,_,G,F,G,dn,MERS
_,_,_,L,I,L,dn,MERS
_,_,G,N,C,V,in,MERS
_,_,_,G,V,G,in,MERS
_,_,_,S,G,S,dn,MERS
_,_,G,I,T,Q,dn,MERS
_,_,_,N,S,S,dn,MERS
_,_,L,T,T,L,in,MERS
_,_,_,N,S,S,dn,MERS
_,_,_,I,A,S,dn,MERS
_,_,_,G,S,V,in,MERS
_,_,_,F,L,L,in,MERS
_,_,_,A,Q,S,dn,MERS
_,_,_,F,N,L,dn,MERS
_,_,_,A,T,V,dn,MERS
_,_,N,L,T,T,in,MERS
_,_,_,G,S,S,dn,MERS
_,_,_,V,S,G,in,MERS
_,_,_,T,T,L,dn,MERS
_,_,_,S,S,L,in,MERS
_,_,_,D,S,V,dn,MERS
_,_,_,V,S,V,in,MERS
_,_,_,T,N,C,dn,MERS
_,_,_,I,I,P,dn,MERS
_,_,_,L,R,A,dn,MERS
_,_,_,S,A,L,dn,MERS
_,_,_,K,V,T,dn,MERS
_,_,_,S,R,S,dn,MERS
_,_,_,S,S,L,in,MERS
_,_,_,Q,F,A,dn,MERS
_,_,_,L,I,L,in,MERS
_,_,_,G,V,G,in,MERS
_,_,_,T,G,T,in,MERS
_,_,_,V,Y,S,dn,MERS
_,_,_,N,L,R,in,MERS
_,_,_,F,A,N,in,MERS
_,_,P,C,V,S,in,MERS
_,_,_,T,N,C,dn,MERS
_,_,_,G,F,G,dn,MERS
_,_,_,T,T,I,dn,MERS
_,_,_,G,V,G,in,MERS
_,_,_,P,V,S,in,MERS
_,_,_,K,V,T,dn,MERS
_,_,_,L,L,G,dn,MERS
_,_,Y,T,Y,N,in,MERS
_,_,_,S,A,S,in,MERS
_,_,_,F,S,S,in,MERS
_,_,_,N,P,T,dn,MERS
_,_,_,N,S,T,dn,SARS1
_,_,F,Q,Q,F,in,SARS1
_,_,_,F,N,G,dn,SARS1
_,_,G,Y,Q,P,dn,SARS1
_,_,_,C,S,C,in,SARS1
_,_,_,N,N,T,dn,SARS1
_,_,S,T,G,N,in,SARS1
_,_,_,D,V,V,dn,SARS1
_,_,_,A,P,A,in,SARS1
_,_,_,F,N,G,dn,SARS1
_,_,_,L,T,P,in,SARS1
_,_,_,N,V,V,dn,SARS1
_,_,_,I,L,D,in,SARS1
_,_,_,I,T,N,in,SARS1
_,_,_,L,F,L,in,SARS1
_,_,_,N,F,N,in,SARS1
_,_,_,P,S,G,dn,SARS1
_,_,_,I,A,A,dn,SARS1
_,_,_,G,F,N,in,SARS1
_,_,I,I,N,N,dn,SARS1
_,_,_,I,P,F,dn,SARS1
_,_,_,F,V,F,in,SARS1
_,_,_,S,V,L,in,SARS1
_,_,_,S,P,D,dn,SARS1
_,_,_,D,D,V,dn,SARS1
_,_,_,F,V,F,in,SARS1
_,_,_,F,V,F,dn,SARS1
_,_,_,L,D,R,in,SARS1
_,_,_,F,N,F,in,SARS1
_,_,_,A,G,F,in,SARS1
_,_,_,T,Y,V,dn,SARS1
_,_,_,K,G,Y,dn,SARS1
_,_,_,T,T,T,in,SARS1
_,_,_,G,Y,Q,in,SARS1
_,_,_,A,Y,T,dn,SARS1
_,_,_,N,T,L,dn,SARS1
_,_,_,N,F,N,in,SARS1
_,_,_,T,S,T,in,SARS1
_,_,_,A,A,Y,dn,SARS1
_,_,_,P,K,L,in,SARS1
_,_,_,F,G,G,dn,SARS1
_,_,_,I,P,F,dn,SARS1
_,_,F,G,G,F,in,SARS1
_,_,_,S,G,I,dn,SARS1
_,_,_,V,V,R,in,SARS1
_,_,_,G,I,Y,dn,SARS1
_,_,_,N,F,R,dn,SARS1
_,_,_,L,K,P,in,SARS1
_,_,_,T,Y,V,dn,SARS1
_,_,_,S,V,I,dn,SARS1
_,_,_,L,T,P,in,SARS1
_,_,D,E,I,F,in,SARS1
_,_,_,V,K,Q,dn,SARS1
_,_,_,A,A,E,dn,SARS1
_,_,_,A,T,K,dn,SARS1
_,_,_,C,S,C,in,SARS1
_,_,_,I,A,I,in,SARS1
_,_,_,V,V,N,dn,SARS1
_,_,_,D,I,S,dn,SARS1
_,_,_,V,Y,A,dn,SARS1
_,_,F,L,L,F,in,SARS1
_,_,_,V,L,Y,dn,SARS1
_,_,_,D,I,S,dn,SARS1
_,_,_,V,D,C,dn,SARS1
_,_,_,S,D,A,in,SARS1
_,_,_,N,C,T,dn,SARS1
_,_,_,A,A,E,dn,SARS1
_,_,_,I,T,T,dn,SARS1
_,_,_,F,S,P,dn,SARS1
_,_,_,D,V,V,dn,SARS1
_,_,_,I,A,I,in,SARS1
_,_,_,F,N,G,dn,SARS1
_,_,K,L,P,D,in,SARS1
_,_,_,V,L,Y,dn,SARS1
_,_,_,R,D,I,in,SARS1
_,_,_,S,C,C,dn,SARS1
_,I,G,A,G,I,in,SARS1
_,_,_,G,A,G,in,SARS1
_,_,_,D,V,V,dn,SARS1
_,_,_,F,N,G,dn,SARS1
_,_,_,L,K,P,in,SARS1
_,_,_,A,G,F,in,SARS1
_,_,_,F,N,F,in,SARS1
_,_,_,N,F,S,dn,SARS1
_,_,_,N,G,T,in,SARS1
_,_,_,T,S,N,in,SARS1
_,_,_,K,T,S,dn,SARS1
_,_,_,Q,D,V,dn,SARS1
_,_,_,G,I,G,dn,SARS1
_,T,L,Y,L,T,in,SARS1
_,_,_,G,A,G,dn,SARS1
_,_,_,F,G,A,dn,SARS1
_,_,_,C,V,L,dn,SARS1
_,F,N,G,L,T,dn,SARS1
_,_,_,I,S,N,dn,SARS1
_,A,M,Q,M,A,in,SARS1
_,_,L,K,P,T,dn,SARS1
_,L,P,D,P,L,in,SARS1
_,_,_,T,S,T,dn,SARS1
_,_,_,G,F,N,in,SARS1
_,T,L,Y,L,T,in,SARS1
_,_,_,Y,N,Y,in,SARS1
_,_,I,D,R,L,dn,SARS1
_,_,_,G,K,L,in,SARS1
_,_,_,N,T,R,dn,SARS1
_,_,_,G,A,G,in,SARS1
_,_,_,D,L,I,in,SARS1
_,_,_,G,A,G,in,SARS1
_,_,_,T,T,T,dn,SARS1
_,_,_,L,N,E,dn,SARS1
_,_,G,N,F,K,in,SARS1
_,_,_,N,V,V,in,SARS1
_,_,_,S,A,N,in,SARS1
_,_,_,G,N,F,in,SARS1
_,_,_,I,L,D,in,SARS1
_,_,_,V,S,G,dn,SARS1
_,_,_,D,V,S,dn,SARS1
_,_,_,Y,K,L,in,SARS1
_,_,_,G,I,G,dn,SARS1
_,_,_,I,T,T,dn,SARS1
_,_,S,C,C,S,in,SARS1
_,_,_,S,D,A,in,SARS1
_,_,_,S,V,L,dn,SARS1
_,_,_,N,F,N,dn,SARS1
_,_,_,R,D,I,in,SARS1
_,_,_,L,N,D,dn,SARS1
_,_,_,N,S,T,in,SARS1
_,_,_,C,S,C,in,SARS1
_,_,_,I,T,N,in,SARS1
_,_,_,T,T,F,in,SARS1
_,_,_,G,K,L,in,SARS1
_,_,A,T,S,T,in,SARS1
_,_,_,Q,Y,G,dn,SARS1
_,_,I,I,N,N,dn,SARS1
_,_,_,V,L,Y,dn,SARS1
_,_,_,D,V,S,dn,SARS1
_,_,_,T,T,F,dn,SARS1
_,_,_,G,I,G,in,SARS1
_,_,_,L,N,E,dn,SARS1
_,_,L,K,P,T,dn,SARS1
_,_,_,R,V,V,dn,SARS1
_,_,_,E,L,D,dn,SARS1
_,_,F,G,G,F,in,SARS1
_,_,_,F,N,G,dn,SARS1
_,_,_,A,P,A,in,SARS1
_,_,_,F,N,G,dn,SARS1
_,_,_,L,K,Y,dn,SARS1
_,_,_,V,Y,A,dn,SARS1
_,_,_,F,E,L,dn,SARS1
_,_,_,L,L,F,dn,SARS1
_,_,D,I,L,S,in,SARS1
_,_,_,T,S,N,in,SARS1
_,_,_,D,L,I,dn,SARS1
_,_,_,T,T,F,in,SARS1
_,_,_,I,R,A,dn,SARS1
_,_,_,L,N,D,dn,SARS1
_,_,_,L,D,K,dn,SARS1
_,_,_,I,A,I,dn,SARS1
_,_,_,N,H,T,dn,SARS1
_,_,_,S,N,V,dn,SARS1
_,_,_,E,S,L,dn,SARS1
_,_,_,I,A,A,dn,SARS1
_,_,_,A,G,F,in,SARS1
_,_,_,A,T,K,dn,SARS1
_,_,_,D,V,V,dn,SARS1
_,_,_,D,V,V,dn,SARS1
_,_,_,F,E,L,dn,SARS1
_,_,_,T,T,T,in,SARS1
_,_,_,G,I,G,in,SARS1
_,_,_,D,I,S,dn,SARS1
_,_,_,T,T,F,in,SARS1
_,_,_,N,V,V,in,SARS1
_,_,A,P,A,T,in,SARS1
_,_,_,T,S,T,dn,SARS1
_,_,_,A,D,Y,dn,SARS1
_,_,_,S,G,I,dn,SARS1
_,_,T,A,A,L,in,SARS1
_,_,_,S,N,V,dn,SARS1
_,_,_,S,N,V,dn,SARS1
_,_,S,T,G,N,in,SARS1
_,_,_,G,F,N,in,SARS1
_,_,_,S,V,L,dn,SARS1
_,_,_,K,G,Y,dn,SARS1
_,_,Y,N,Y,K,dn,SARS1
_,_,D,E,I,F,in,SARS1
_,_,_,N,G,T,dn,SARS1
_,_,_,I,A,I,in,SARS1
_,_,_,S,N,V,dn,SARS1
_,_,_,N,A,S,in,SARS1
_,_,_,L,D,R,in,SARS1
_,_,_,R,N,F,dn,SARS1
_,_,_,L,K,P,in,SARS1
_,_,V,D,C,N,in,SARS1
_,_,_,T,N,F,dn,SARS1
_,_,D,V,S,T,in,SARS1
_,_,_,G,K,L,in,SARS1
_,_,L,L,N,A,in,SARS1
_,_,_,S,N,V,dn,SARS1
_,N,F,N,F,N,in,SARS1
_,_,_,A,A,Y,dn,SARS1
_,_,S,T,G,N,dn,SARS1
_,_,_,V,V,R,in,SARS1
_,_,_,G,Y,Q,in,SARS1
_,_,_,N,G,T,dn,SARS1
_,_,_,F,N,F,in,SARS1
_,_,_,T,N,F,dn,SARS1
_,_,_,G,T,S,dn,SARS1
_,_,_,V,D,C,dn,SARS1
_,_,_,N,N,T,dn,SARS1
_,_,_,N,V,V,in,SARS1
_,_,_,L,D,R,in,SARS1
_,_,_,N,F,N,in,SARS1
_,_,F,L,L,F,in,SARS1
_,_,_,G,Y,Q,in,SARS1
_,_,_,C,S,C,in,SARS1
_,_,_,C,V,L,dn,SARS1
_,_,_,E,V,A,dn,SARS1
_,_,_,T,F,G,dn,SARS1
_,_,_,V,K,Q,dn,SARS1
_,_,_,S,N,V,dn,SARS1
_,_,_,V,F,N,dn,SARS1
_,_,_,L,V,S,in,SARS1
_,_,_,R,N,F,dn,SARS1
_,_,_,D,L,I,in,SARS1
_,_,_,Y,S,N,dn,SARS1
_,_,_,N,A,S,dn,SARS1
_,_,_,A,A,T,dn,SARS1
_,_,_,F,N,K,dn,SARS1
_,_,A,P,A,T,in,SARS1
_,_,_,I,G,A,dn,SARS1
_,_,_,N,C,T,dn,SARS1
_,_,_,Q,I,A,dn,SARS1
_,_,_,N,S,T,dn,SARS1
_,_,_,N,V,V,in,SARS1
_,_,_,D,V,V,dn,SARS1
_,_,_,G,K,L,in,SARS1
_,_,_,F,G,G,dn,SARS1
_,_,_,Y,N,Y,in,SARS1
_,_,_,L,K,G,dn,SARS1
_,_,_,G,N,F,in,SARS1
_,_,_,G,A,G,in,SARS1
_,_,_,V,T,Q,dn,SARS1
_,_,_,L,P,D,in,SARS1
_,_,_,L,F,L,dn,SARS1
_,_,_,E,S,L,dn,SARS1
_,_,_,N,H,T,dn,SARS1
_,_,_,L,P,D,dn,SARS1
_,_,_,F,N,F,dn,SARS1
_,_,_,A,T,K,dn,SARS1
_,_,_,V,V,R,in,SARS1
_,_,_,Q,D,V,dn,SARS1
_,_,_,G,I,N,dn,SARS1
_,_,_,T,L,K,dn,SARS1
_,_,_,L,K,P,in,SARS1
_,_,_,T,I,N,in,SARS1
_,_,_,I,T,N,in,SARS1
_,_,_,D,V,V,dn,SARS1
_,_,_,V,V,R,in,SARS1
_,_,_,G,N,F,in,SARS1
_,_,_,G,Y,Q,in,SARS1
_,_,S,T,G,N,dn,SARS1
_,_,_,S,A,N,in,SARS1
_,_,_,G,Y,Q,in,SARS1
_,_,_,V,V,N,dn,SARS1
_,_,_,G,K,L,dn,SARS1
_,_,_,N,F,R,in,SARS1
_,_,_,Y,K,L,in,SARS1
_,_,_,N,T,R,dn,SARS1
_,_,_,V,L,Y,dn,SARS1
_,_,_,L,D,R,in,SARS1
_,_,_,F,S,P,dn,SARS1
_,_,_,D,V,V,dn,SARS1
_,_,_,D,D,V,dn,SARS1
_,_,_,G,K,L,in,SARS1
_,_,_,Y,N,Y,in,SARS1
_,_,_,T,T,T,in,SARS1
_,_,_,A,Y,F,dn,SARS1
_,_,_,A,L,N,dn,SARS1
_,_,_,D,V,S,dn,SARS1
_,_,_,A,N,L,dn,SARS1
_,_,_,I,G,A,dn,SARS1
_,_,_,K,Y,F,dn,SARS1
_,_,N,I,T,N,dn,SARS1
_,_,F,R,V,V,in,SARS1
_,_,_,N,V,V,dn,SARS1
_,_,_,I,R,A,dn,SARS1
_,_,_,T,S,T,in,SARS1
_,_,_,F,N,K,dn,SARS1
_,_,_,V,S,G,dn,SARS1
_,_,_,A,F,S,dn,SARS1
_,_,_,R,V,V,dn,SARS1
_,_,_,L,V,S,in,SARS1
_,_,_,A,P,A,dn,SARS1
_,_,S,C,C,S,in,SARS1
_,_,_,K,Y,F,dn,SARS1
_,_,_,F,N,T,in,SARS1
_,_,_,S,N,V,dn,SARS1
_,_,L,P,P,L,in,SARS1
_,_,_,G,T,S,in,SARS1
_,_,_,I,R,A,dn,SARS1
_,_,_,S,N,F,dn,SARS1
_,_,_,F,G,A,dn,SARS1
_,_,_,F,N,G,dn,SARS1
_,_,_,F,N,T,in,SARS1
_,_,_,Y,N,Y,in,SARS1
_,_,V,D,C,N,in,SARS1
_,_,_,H,T,S,dn,SARS1
_,_,_,G,F,N,dn,SARS1
_,_,_,G,I,G,in,SARS1
_,_,_,L,K,Y,dn,SARS1
_,_,L,L,N,A,in,SARS1
_,_,_,S,F,E,dn,SARS1
_,_,_,A,P,A,in,SARS1
_,_,_,A,L,N,in,SARS1
_,_,_,F,V,F,in,SARS1
_,_,_,V,R,D,dn,SARS1
_,_,_,G,I,G,in,SARS1
_,_,_,L,P,D,in,SARS1
_,_,_,L,K,Y,in,SARS1
_,_,G,N,F,K,in,SARS1
_,_,L,P,P,L,in,SARS1
_,_,_,G,I,G,in,SARS1
_,_,_,S,F,E,dn,SARS1
_,_,D,I,L,S,in,SARS1
_,_,_,T,G,V,dn,SARS1
_,_,_,A,F,S,dn,SARS1
_,_,_,R,D,I,in,SARS1
_,_,_,N,F,R,dn,SARS1
_,_,_,F,S,P,dn,SARS1
_,_,_,C,S,C,dn,SARS1
_,_,_,G,A,G,dn,SARS1
_,_,_,L,F,L,in,SARS1
_,_,_,F,V,F,in,SARS1
_,_,_,D,I,S,dn,SARS1
_,_,_,N,F,R,in,SARS1
_,_,_,F,N,G,dn,SARS1
_,_,_,V,L,Y,dn,SARS1
_,_,D,V,V,R,dn,SARS1
_,_,Y,N,Y,K,dn,SARS1
_,_,_,A,A,L,dn,SARS1
_,_,_,K,L,P,dn,SARS1
_,_,_,S,N,V,dn,SARS1
_,_,_,G,I,Y,dn,SARS1
_,_,_,T,S,T,in,SARS1
_,_,K,L,P,D,in,SARS1
_,_,_,S,G,N,dn,SARS1
_,_,_,S,K,R,dn,SARS1
_,_,_,E,L,D,dn,SARS1
_,_,_,T,T,F,dn,SARS1
_,_,_,P,S,G,dn,SARS1
_,_,_,A,D,S,dn,SARS1
_,_,_,G,N,F,in,SARS1
_,V,E,A,E,V,in,SARS1
_,_,_,S,K,R,dn,SARS1
_,_,_,N,T,L,dn,SARS1
_,_,_,I,A,I,in,SARS1
_,_,_,L,N,D,dn,SARS1
_,_,_,A,I,S,dn,SARS1
_,_,_,E,V,F,dn,SARS1
_,_,_,L,T,P,dn,SARS1
_,_,_,S,N,V,dn,SARS1
_,_,_,E,I,D,dn,SARS1
_,_,_,R,D,L,dn,SARS1
_,_,_,A,A,L,dn,SARS1
_,_,_,L,T,P,in,SARS1
_,_,_,T,T,T,in,SARS1
_,_,_,N,A,S,dn,SARS1
_,_,_,A,L,N,in,SARS1
_,_,_,G,Y,Q,in,SARS1
_,_,_,G,T,S,in,SARS1
_,_,_,D,V,V,dn,SARS1
_,_,_,D,S,F,dn,SARS1
_,_,G,Y,Q,P,dn,SARS1
_,_,_,L,P,D,in,SARS1
_,_,_,D,V,S,in,SARS1
_,_,_,T,T,T,in,SARS1
_,_,_,S,Q,I,dn,SARS1
_,_,_,N,F,N,dn,SARS1
_,_,_,I,A,I,in,SARS1
_,_,_,T,F,G,dn,SARS1
_,_,_,N,F,R,in,SARS1
_,_,_,G,N,F,in,SARS1
_,_,_,T,T,T,in,SARS1
_,_,_,F,N,F,in,SARS1
_,_,_,I,S,N,dn,SARS1
_,N,F,N,F,N,in,SARS1
_,_,_,D,V,V,dn,SARS1
_,_,_,T,I,N,in,SARS1
_,_,_,S,T,A,dn,SARS1
_,_,_,C,S,C,dn,SARS1
_,_,_,S,T,F,dn,SARS1
_,_,_,T,S,T,in,SARS1
_,_,_,K,D,G,dn,SARS1
_,_,_,N,G,T,in,SARS1
_,_,_,L,G,K,dn,SARS1
